{
	"credit": "Made with Blockbench",
	"textures": {
		"0": "item/custom_tools/crossbow/blunderbuss/blunderbuss-pulling-5",
		"particle": "item/custom_tools/crossbow/blunderbuss/blunderbuss-pulling-5"
	},
	"elements": [
		{
			"name": "blunderbuss-pulling-5_0",
			"from": [7.33333, 8, 7.5],
			"to": [7.66667, 10.33333, 8.5],
			"faces": {
				"north": {"uv": [7.66667, 5.66667, 7.33333, 8], "texture": "#0"},
				"east": {"uv": [7.33333, 5.66667, 7.66667, 8], "texture": "#0"},
				"south": {"uv": [7.33333, 5.66667, 7.66667, 8], "texture": "#0"},
				"west": {"uv": [7.33333, 5.66667, 7.66667, 8], "texture": "#0"},
				"up": {"uv": [7.33333, 5.66667, 7.66667, 6], "texture": "#0"},
				"down": {"uv": [7.33333, 7.66667, 7.66667, 8], "texture": "#0"}
			}
		},
		{
			"name": "blunderbuss-pulling-5_1",
			"from": [7, 8.33333, 7.5],
			"to": [7.33333, 10, 8.5],
			"faces": {
				"north": {"uv": [7.33333, 6, 7, 7.66667], "texture": "#0"},
				"east": {"uv": [7, 6, 7.33333, 7.66667], "texture": "#0"},
				"south": {"uv": [7, 6, 7.33333, 7.66667], "texture": "#0"},
				"west": {"uv": [7, 6, 7.33333, 7.66667], "texture": "#0"},
				"up": {"uv": [7, 6, 7.33333, 6.33333], "texture": "#0"},
				"down": {"uv": [7, 7.33333, 7.33333, 7.66667], "texture": "#0"}
			}
		},
		{
			"name": "blunderbuss-pulling-5_2",
			"from": [7.66667, 7.66667, 7.5],
			"to": [8, 10, 8.5],
			"faces": {
				"north": {"uv": [8, 6, 7.66667, 8.33333], "texture": "#0"},
				"east": {"uv": [7.66667, 6, 8, 8.33333], "texture": "#0"},
				"south": {"uv": [7.66667, 6, 8, 8.33333], "texture": "#0"},
				"west": {"uv": [7.66667, 6, 8, 8.33333], "texture": "#0"},
				"up": {"uv": [7.66667, 6, 8, 6.33333], "texture": "#0"},
				"down": {"uv": [7.66667, 8, 8, 8.33333], "texture": "#0"}
			}
		},
		{
			"name": "blunderbuss-pulling-5_3",
			"from": [6.66667, 8.33333, 7.5],
			"to": [7, 9.66667, 8.5],
			"faces": {
				"north": {"uv": [7, 6.33333, 6.66667, 7.66667], "texture": "#0"},
				"east": {"uv": [6.66667, 6.33333, 7, 7.66667], "texture": "#0"},
				"south": {"uv": [6.66667, 6.33333, 7, 7.66667], "texture": "#0"},
				"west": {"uv": [6.66667, 6.33333, 7, 7.66667], "texture": "#0"},
				"up": {"uv": [6.66667, 6.33333, 7, 6.66667], "texture": "#0"},
				"down": {"uv": [6.66667, 7.33333, 7, 7.66667], "texture": "#0"}
			}
		},
		{
			"name": "blunderbuss-pulling-5_4",
			"from": [6.33333, 8.66667, 7.5],
			"to": [6.66667, 9.33333, 8.5],
			"faces": {
				"north": {"uv": [6.66667, 6.66667, 6.33333, 7.33333], "texture": "#0"},
				"east": {"uv": [6.33333, 6.66667, 6.66667, 7.33333], "texture": "#0"},
				"south": {"uv": [6.33333, 6.66667, 6.66667, 7.33333], "texture": "#0"},
				"west": {"uv": [6.33333, 6.66667, 6.66667, 7.33333], "texture": "#0"},
				"up": {"uv": [6.33333, 6.66667, 6.66667, 7], "texture": "#0"},
				"down": {"uv": [6.33333, 7, 6.66667, 7.33333], "texture": "#0"}
			}
		},
		{
			"name": "blunderbuss-pulling-5_5",
			"from": [8, 7.33333, 7.5],
			"to": [8.33333, 9.33333, 8.5],
			"faces": {
				"north": {"uv": [8.33333, 6.66667, 8, 8.66667], "texture": "#0"},
				"east": {"uv": [8, 6.66667, 8.33333, 8.66667], "texture": "#0"},
				"south": {"uv": [8, 6.66667, 8.33333, 8.66667], "texture": "#0"},
				"west": {"uv": [8, 6.66667, 8.33333, 8.66667], "texture": "#0"},
				"up": {"uv": [8, 6.66667, 8.33333, 7], "texture": "#0"},
				"down": {"uv": [8, 8.33333, 8.33333, 8.66667], "texture": "#0"}
			}
		},
		{
			"name": "blunderbuss-pulling-5_6",
			"from": [8.33333, 7, 7.5],
			"to": [8.66667, 8.66667, 8.5],
			"faces": {
				"north": {"uv": [8.66667, 7.33333, 8.33333, 9], "texture": "#0"},
				"east": {"uv": [8.33333, 7.33333, 8.66667, 9], "texture": "#0"},
				"south": {"uv": [8.33333, 7.33333, 8.66667, 9], "texture": "#0"},
				"west": {"uv": [8.33333, 7.33333, 8.66667, 9], "texture": "#0"},
				"up": {"uv": [8.33333, 7.33333, 8.66667, 7.66667], "texture": "#0"},
				"down": {"uv": [8.33333, 8.66667, 8.66667, 9], "texture": "#0"}
			}
		},
		{
			"name": "blunderbuss-pulling-5_7",
			"from": [8.66667, 6.66667, 7.5],
			"to": [9, 8.33333, 8.5],
			"faces": {
				"north": {"uv": [9, 7.66667, 8.66667, 9.33333], "texture": "#0"},
				"east": {"uv": [8.66667, 7.66667, 9, 9.33333], "texture": "#0"},
				"south": {"uv": [8.66667, 7.66667, 9, 9.33333], "texture": "#0"},
				"west": {"uv": [8.66667, 7.66667, 9, 9.33333], "texture": "#0"},
				"up": {"uv": [8.66667, 7.66667, 9, 8], "texture": "#0"},
				"down": {"uv": [8.66667, 9, 9, 9.33333], "texture": "#0"}
			}
		},
		{
			"name": "blunderbuss-pulling-5_8",
			"from": [9, 6.33333, 7.5],
			"to": [9.33333, 8, 8.5],
			"faces": {
				"north": {"uv": [9.33333, 8, 9, 9.66667], "texture": "#0"},
				"east": {"uv": [9, 8, 9.33333, 9.66667], "texture": "#0"},
				"south": {"uv": [9, 8, 9.33333, 9.66667], "texture": "#0"},
				"west": {"uv": [9, 8, 9.33333, 9.66667], "texture": "#0"},
				"up": {"uv": [9, 8, 9.33333, 8.33333], "texture": "#0"},
				"down": {"uv": [9, 9.33333, 9.33333, 9.66667], "texture": "#0"}
			}
		},
		{
			"name": "blunderbuss-pulling-5_9",
			"from": [9.33333, 6, 7.5],
			"to": [9.66667, 7.66667, 8.5],
			"faces": {
				"north": {"uv": [9.66667, 8.33333, 9.33333, 10], "texture": "#0"},
				"east": {"uv": [9.33333, 8.33333, 9.66667, 10], "texture": "#0"},
				"south": {"uv": [9.33333, 8.33333, 9.66667, 10], "texture": "#0"},
				"west": {"uv": [9.33333, 8.33333, 9.66667, 10], "texture": "#0"},
				"up": {"uv": [9.33333, 8.33333, 9.66667, 8.66667], "texture": "#0"},
				"down": {"uv": [9.33333, 9.66667, 9.66667, 10], "texture": "#0"}
			}
		},
		{
			"name": "blunderbuss-pulling-5_10",
			"from": [9.66667, 5.66667, 7.5],
			"to": [10, 7.33333, 8.5],
			"faces": {
				"north": {"uv": [10, 8.66667, 9.66667, 10.33333], "texture": "#0"},
				"east": {"uv": [9.66667, 8.66667, 10, 10.33333], "texture": "#0"},
				"south": {"uv": [9.66667, 8.66667, 10, 10.33333], "texture": "#0"},
				"west": {"uv": [9.66667, 8.66667, 10, 10.33333], "texture": "#0"},
				"up": {"uv": [9.66667, 8.66667, 10, 9], "texture": "#0"},
				"down": {"uv": [9.66667, 10, 10, 10.33333], "texture": "#0"}
			}
		},
		{
			"name": "blunderbuss-pulling-5_11",
			"from": [10, 5.33333, 7.5],
			"to": [10.33333, 7, 8.5],
			"faces": {
				"north": {"uv": [10.33333, 9, 10, 10.66667], "texture": "#0"},
				"east": {"uv": [10, 9, 10.33333, 10.66667], "texture": "#0"},
				"south": {"uv": [10, 9, 10.33333, 10.66667], "texture": "#0"},
				"west": {"uv": [10, 9, 10.33333, 10.66667], "texture": "#0"},
				"up": {"uv": [10, 9, 10.33333, 9.33333], "texture": "#0"},
				"down": {"uv": [10, 10.33333, 10.33333, 10.66667], "texture": "#0"}
			}
		},
		{
			"name": "blunderbuss-pulling-5_12",
			"from": [10.33333, 4.66667, 7.5],
			"to": [10.66667, 6.66667, 8.5],
			"faces": {
				"north": {"uv": [10.66667, 9.33333, 10.33333, 11.33333], "texture": "#0"},
				"east": {"uv": [10.33333, 9.33333, 10.66667, 11.33333], "texture": "#0"},
				"south": {"uv": [10.33333, 9.33333, 10.66667, 11.33333], "texture": "#0"},
				"west": {"uv": [10.33333, 9.33333, 10.66667, 11.33333], "texture": "#0"},
				"up": {"uv": [10.33333, 9.33333, 10.66667, 9.66667], "texture": "#0"},
				"down": {"uv": [10.33333, 11, 10.66667, 11.33333], "texture": "#0"}
			}
		},
		{
			"name": "blunderbuss-pulling-5_13",
			"from": [10.66667, 4.33333, 7.5],
			"to": [11, 6.33333, 8.5],
			"faces": {
				"north": {"uv": [11, 9.66667, 10.66667, 11.66667], "texture": "#0"},
				"east": {"uv": [10.66667, 9.66667, 11, 11.66667], "texture": "#0"},
				"south": {"uv": [10.66667, 9.66667, 11, 11.66667], "texture": "#0"},
				"west": {"uv": [10.66667, 9.66667, 11, 11.66667], "texture": "#0"},
				"up": {"uv": [10.66667, 9.66667, 11, 10], "texture": "#0"},
				"down": {"uv": [10.66667, 11.33333, 11, 11.66667], "texture": "#0"}
			}
		},
		{
			"name": "blunderbuss-pulling-5_14",
			"from": [11, 3.66667, 7.5],
			"to": [11.33333, 6, 8.5],
			"faces": {
				"north": {"uv": [11.33333, 10, 11, 12.33333], "texture": "#0"},
				"east": {"uv": [11, 10, 11.33333, 12.33333], "texture": "#0"},
				"south": {"uv": [11, 10, 11.33333, 12.33333], "texture": "#0"},
				"west": {"uv": [11, 10, 11.33333, 12.33333], "texture": "#0"},
				"up": {"uv": [11, 10, 11.33333, 10.33333], "texture": "#0"},
				"down": {"uv": [11, 12, 11.33333, 12.33333], "texture": "#0"}
			}
		},
		{
			"name": "blunderbuss-pulling-5_15",
			"from": [11.33333, 4, 7.5],
			"to": [12, 5.66667, 8.5],
			"faces": {
				"north": {"uv": [12, 10.33333, 11.33333, 12], "texture": "#0"},
				"east": {"uv": [11.66667, 10.33333, 12, 12], "texture": "#0"},
				"south": {"uv": [11.33333, 10.33333, 12, 12], "texture": "#0"},
				"west": {"uv": [11.33333, 10.33333, 11.66667, 12], "texture": "#0"},
				"up": {"uv": [11.33333, 10.33333, 12, 10.66667], "texture": "#0"},
				"down": {"uv": [11.33333, 11.66667, 12, 12], "texture": "#0"}
			}
		},
		{
			"name": "blunderbuss-pulling-5_16",
			"from": [12, 2.66667, 7.5],
			"to": [12.33333, 5.33333, 8.5],
			"faces": {
				"north": {"uv": [12.33333, 10.66667, 12, 13.33333], "texture": "#0"},
				"east": {"uv": [12, 10.66667, 12.33333, 13.33333], "texture": "#0"},
				"south": {"uv": [12, 10.66667, 12.33333, 13.33333], "texture": "#0"},
				"west": {"uv": [12, 10.66667, 12.33333, 13.33333], "texture": "#0"},
				"up": {"uv": [12, 10.66667, 12.33333, 11], "texture": "#0"},
				"down": {"uv": [12, 13, 12.33333, 13.33333], "texture": "#0"}
			}
		},
		{
			"name": "blunderbuss-pulling-5_17",
			"from": [12.33333, 2, 7.5],
			"to": [12.66667, 5, 8.5],
			"faces": {
				"north": {"uv": [12.66667, 11, 12.33333, 14], "texture": "#0"},
				"east": {"uv": [12.33333, 11, 12.66667, 14], "texture": "#0"},
				"south": {"uv": [12.33333, 11, 12.66667, 14], "texture": "#0"},
				"west": {"uv": [12.33333, 11, 12.66667, 14], "texture": "#0"},
				"up": {"uv": [12.33333, 11, 12.66667, 11.33333], "texture": "#0"},
				"down": {"uv": [12.33333, 13.66667, 12.66667, 14], "texture": "#0"}
			}
		},
		{
			"name": "blunderbuss-pulling-5_18",
			"from": [12.66667, 1.33333, 7.5],
			"to": [13, 4.33333, 8.5],
			"faces": {
				"north": {"uv": [13, 11.66667, 12.66667, 14.66667], "texture": "#0"},
				"east": {"uv": [12.66667, 11.66667, 13, 14.66667], "texture": "#0"},
				"south": {"uv": [12.66667, 11.66667, 13, 14.66667], "texture": "#0"},
				"west": {"uv": [12.66667, 11.66667, 13, 14.66667], "texture": "#0"},
				"up": {"uv": [12.66667, 11.66667, 13, 12], "texture": "#0"},
				"down": {"uv": [12.66667, 14.33333, 13, 14.66667], "texture": "#0"}
			}
		},
		{
			"name": "blunderbuss-pulling-5_19",
			"from": [11.66667, 3.33333, 7.5],
			"to": [12, 4, 8.5],
			"faces": {
				"north": {"uv": [12, 12, 11.66667, 12.66667], "texture": "#0"},
				"east": {"uv": [11.66667, 12, 12, 12.66667], "texture": "#0"},
				"south": {"uv": [11.66667, 12, 12, 12.66667], "texture": "#0"},
				"west": {"uv": [11.66667, 12, 12, 12.66667], "texture": "#0"},
				"up": {"uv": [11.66667, 12, 12, 12.33333], "texture": "#0"},
				"down": {"uv": [11.66667, 12.33333, 12, 12.66667], "texture": "#0"}
			}
		},
		{
			"name": "blunderbuss-pulling-5_20",
			"from": [11.33333, 3.33333, 7.5],
			"to": [11.66667, 3.66667, 8.5],
			"faces": {
				"north": {"uv": [11.66667, 12.33333, 11.33333, 12.66667], "texture": "#0"},
				"east": {"uv": [11.33333, 12.33333, 11.66667, 12.66667], "texture": "#0"},
				"south": {"uv": [11.33333, 12.33333, 11.66667, 12.66667], "texture": "#0"},
				"west": {"uv": [11.33333, 12.33333, 11.66667, 12.66667], "texture": "#0"},
				"up": {"uv": [11.33333, 12.33333, 11.66667, 12.66667], "texture": "#0"},
				"down": {"uv": [11.33333, 12.33333, 11.66667, 12.66667], "texture": "#0"}
			}
		},
		{
			"name": "blunderbuss-pulling-5_21",
			"from": [13, 0.66667, 7.5],
			"to": [13.33333, 3.33333, 8.5],
			"faces": {
				"north": {"uv": [13.33333, 12.66667, 13, 15.33333], "texture": "#0"},
				"east": {"uv": [13, 12.66667, 13.33333, 15.33333], "texture": "#0"},
				"south": {"uv": [13, 12.66667, 13.33333, 15.33333], "texture": "#0"},
				"west": {"uv": [13, 12.66667, 13.33333, 15.33333], "texture": "#0"},
				"up": {"uv": [13, 12.66667, 13.33333, 13], "texture": "#0"},
				"down": {"uv": [13, 15, 13.33333, 15.33333], "texture": "#0"}
			}
		},
		{
			"name": "blunderbuss-pulling-5_22",
			"from": [13.33333, 0, 7.5],
			"to": [13.66667, 3, 8.5],
			"faces": {
				"north": {"uv": [13.66667, 13, 13.33333, 16], "texture": "#0"},
				"east": {"uv": [13.33333, 13, 13.66667, 16], "texture": "#0"},
				"south": {"uv": [13.33333, 13, 13.66667, 16], "texture": "#0"},
				"west": {"uv": [13.33333, 13, 13.66667, 16], "texture": "#0"},
				"up": {"uv": [13.33333, 13, 13.66667, 13.33333], "texture": "#0"},
				"down": {"uv": [13.33333, 15.66667, 13.66667, 16], "texture": "#0"}
			}
		},
		{
			"name": "blunderbuss-pulling-5_23",
			"from": [13.66667, 0, 7.5],
			"to": [14, 2.66667, 8.5],
			"faces": {
				"north": {"uv": [14, 13.33333, 13.66667, 16], "texture": "#0"},
				"east": {"uv": [13.66667, 13.33333, 14, 16], "texture": "#0"},
				"south": {"uv": [13.66667, 13.33333, 14, 16], "texture": "#0"},
				"west": {"uv": [13.66667, 13.33333, 14, 16], "texture": "#0"},
				"up": {"uv": [13.66667, 13.33333, 14, 13.66667], "texture": "#0"},
				"down": {"uv": [13.66667, 15.66667, 14, 16], "texture": "#0"}
			}
		},
		{
			"name": "blunderbuss-pulling-5_24",
			"from": [14, 0.33333, 7.5],
			"to": [14.33333, 2.33333, 8.5],
			"faces": {
				"north": {"uv": [14.33333, 13.66667, 14, 15.66667], "texture": "#0"},
				"east": {"uv": [14, 13.66667, 14.33333, 15.66667], "texture": "#0"},
				"south": {"uv": [14, 13.66667, 14.33333, 15.66667], "texture": "#0"},
				"west": {"uv": [14, 13.66667, 14.33333, 15.66667], "texture": "#0"},
				"up": {"uv": [14, 13.66667, 14.33333, 14], "texture": "#0"},
				"down": {"uv": [14, 15.33333, 14.33333, 15.66667], "texture": "#0"}
			}
		},
		{
			"name": "blunderbuss-pulling-5_25",
			"from": [14.33333, 0.66667, 7.5],
			"to": [14.66667, 2, 8.5],
			"faces": {
				"north": {"uv": [14.66667, 14, 14.33333, 15.33333], "texture": "#0"},
				"east": {"uv": [14.33333, 14, 14.66667, 15.33333], "texture": "#0"},
				"south": {"uv": [14.33333, 14, 14.66667, 15.33333], "texture": "#0"},
				"west": {"uv": [14.33333, 14, 14.66667, 15.33333], "texture": "#0"},
				"up": {"uv": [14.33333, 14, 14.66667, 14.33333], "texture": "#0"},
				"down": {"uv": [14.33333, 15, 14.66667, 15.33333], "texture": "#0"}
			}
		},
		{
			"name": "blunderbuss-pulling-5_26",
			"from": [14.66667, 1, 7.5],
			"to": [15, 1.66667, 8.5],
			"faces": {
				"north": {"uv": [15, 14.33333, 14.66667, 15], "texture": "#0"},
				"east": {"uv": [14.66667, 14.33333, 15, 15], "texture": "#0"},
				"south": {"uv": [14.66667, 14.33333, 15, 15], "texture": "#0"},
				"west": {"uv": [14.66667, 14.33333, 15, 15], "texture": "#0"},
				"up": {"uv": [14.66667, 14.33333, 15, 14.66667], "texture": "#0"},
				"down": {"uv": [14.66667, 14.66667, 15, 15], "texture": "#0"}
			}
		}
	],
	"display": {
		"thirdperson_righthand": {
			"rotation": [-90, -87.75, -135],
			"translation": [0, -1, 0],
			"scale": [2.25, 2.25, 1]
		},
		"thirdperson_lefthand": {
			"rotation": [-90, 87.75, 135],
			"translation": [0, -1, 0],
			"scale": [2.25, 2.25, 1]
		},
		"firstperson_righthand": {
			"rotation": [-90, -115, -127.5],
			"translation": [8, 0, -4],
			"scale": [3, 3, 1]
		},
		"firstperson_lefthand": {
			"rotation": [-90, 70, 127.5],
			"translation": [8, 0, -4],
			"scale": [4, 4, 1]
		},
		"gui": {
			"translation": [-8, 8, 0],
			"scale": [3, 3, 1]
		}
	},
	"groups": [
		{
			"name": "blunderbuss-pulling-5",
			"origin": [8, 8, 8],
			"color": 0,
			"children": [0, 1, 2, 3, 4, 5, 6, 7, 8, 9, 10, 11, 12, 13, 14, 15, 16, 17, 18, 19, 20, 21, 22, 23, 24, 25, 26]
		}
	]
}