{
	"credit": "Made with Blockbench",
	"textures": {
		"0": "item/custom_tools/crossbow/blunderbuss/blunderbuss-standby",
		"particle": "item/custom_tools/crossbow/blunderbuss/blunderbuss-standby"
	},
	"elements": [
		{
			"name": "blunderbuss-standby_0",
			"from": [3, 12, 7.5],
			"to": [3.5, 15.5, 8.5],
			"faces": {
				"north": {"uv": [3.5, 0.5, 3, 4], "texture": "#0"},
				"east": {"uv": [3, 0.5, 3.5, 4], "texture": "#0"},
				"south": {"uv": [3, 0.5, 3.5, 4], "texture": "#0"},
				"west": {"uv": [3, 0.5, 3.5, 4], "texture": "#0"},
				"up": {"uv": [3, 0.5, 3.5, 1], "texture": "#0"},
				"down": {"uv": [3, 3.5, 3.5, 4], "texture": "#0"}
			}
		},
		{
			"name": "blunderbuss-standby_1",
			"from": [2.5, 12.5, 7.5],
			"to": [3, 15, 8.5],
			"faces": {
				"north": {"uv": [3, 1, 2.5, 3.5], "texture": "#0"},
				"east": {"uv": [2.5, 1, 3, 3.5], "texture": "#0"},
				"south": {"uv": [2.5, 1, 3, 3.5], "texture": "#0"},
				"west": {"uv": [2.5, 1, 3, 3.5], "texture": "#0"},
				"up": {"uv": [2.5, 1, 3, 1.5], "texture": "#0"},
				"down": {"uv": [2.5, 3, 3, 3.5], "texture": "#0"}
			}
		},
		{
			"name": "blunderbuss-standby_2",
			"from": [3.5, 11.5, 7.5],
			"to": [4, 15, 8.5],
			"faces": {
				"north": {"uv": [4, 1, 3.5, 4.5], "texture": "#0"},
				"east": {"uv": [3.5, 1, 4, 4.5], "texture": "#0"},
				"south": {"uv": [3.5, 1, 4, 4.5], "texture": "#0"},
				"west": {"uv": [3.5, 1, 4, 4.5], "texture": "#0"},
				"up": {"uv": [3.5, 1, 4, 1.5], "texture": "#0"},
				"down": {"uv": [3.5, 4, 4, 4.5], "texture": "#0"}
			}
		},
		{
			"name": "blunderbuss-standby_3",
			"from": [2, 12.5, 7.5],
			"to": [2.5, 14.5, 8.5],
			"faces": {
				"north": {"uv": [2.5, 1.5, 2, 3.5], "texture": "#0"},
				"east": {"uv": [2, 1.5, 2.5, 3.5], "texture": "#0"},
				"south": {"uv": [2, 1.5, 2.5, 3.5], "texture": "#0"},
				"west": {"uv": [2, 1.5, 2.5, 3.5], "texture": "#0"},
				"up": {"uv": [2, 1.5, 2.5, 2], "texture": "#0"},
				"down": {"uv": [2, 3, 2.5, 3.5], "texture": "#0"}
			}
		},
		{
			"name": "blunderbuss-standby_4",
			"from": [1.5, 13, 7.5],
			"to": [2, 14, 8.5],
			"faces": {
				"north": {"uv": [2, 2, 1.5, 3], "texture": "#0"},
				"east": {"uv": [1.5, 2, 2, 3], "texture": "#0"},
				"south": {"uv": [1.5, 2, 2, 3], "texture": "#0"},
				"west": {"uv": [1.5, 2, 2, 3], "texture": "#0"},
				"up": {"uv": [1.5, 2, 2, 2.5], "texture": "#0"},
				"down": {"uv": [1.5, 2.5, 2, 3], "texture": "#0"}
			}
		},
		{
			"name": "blunderbuss-standby_5",
			"from": [4, 11, 7.5],
			"to": [4.5, 14, 8.5],
			"faces": {
				"north": {"uv": [4.5, 2, 4, 5], "texture": "#0"},
				"east": {"uv": [4, 2, 4.5, 5], "texture": "#0"},
				"south": {"uv": [4, 2, 4.5, 5], "texture": "#0"},
				"west": {"uv": [4, 2, 4.5, 5], "texture": "#0"},
				"up": {"uv": [4, 2, 4.5, 2.5], "texture": "#0"},
				"down": {"uv": [4, 4.5, 4.5, 5], "texture": "#0"}
			}
		},
		{
			"name": "blunderbuss-standby_6",
			"from": [4.5, 10.5, 7.5],
			"to": [5, 13, 8.5],
			"faces": {
				"north": {"uv": [5, 3, 4.5, 5.5], "texture": "#0"},
				"east": {"uv": [4.5, 3, 5, 5.5], "texture": "#0"},
				"south": {"uv": [4.5, 3, 5, 5.5], "texture": "#0"},
				"west": {"uv": [4.5, 3, 5, 5.5], "texture": "#0"},
				"up": {"uv": [4.5, 3, 5, 3.5], "texture": "#0"},
				"down": {"uv": [4.5, 5, 5, 5.5], "texture": "#0"}
			}
		},
		{
			"name": "blunderbuss-standby_7",
			"from": [5, 10, 7.5],
			"to": [5.5, 12.5, 8.5],
			"faces": {
				"north": {"uv": [5.5, 3.5, 5, 6], "texture": "#0"},
				"east": {"uv": [5, 3.5, 5.5, 6], "texture": "#0"},
				"south": {"uv": [5, 3.5, 5.5, 6], "texture": "#0"},
				"west": {"uv": [5, 3.5, 5.5, 6], "texture": "#0"},
				"up": {"uv": [5, 3.5, 5.5, 4], "texture": "#0"},
				"down": {"uv": [5, 5.5, 5.5, 6], "texture": "#0"}
			}
		},
		{
			"name": "blunderbuss-standby_8",
			"from": [5.5, 9.5, 7.5],
			"to": [6, 12, 8.5],
			"faces": {
				"north": {"uv": [6, 4, 5.5, 6.5], "texture": "#0"},
				"east": {"uv": [5.5, 4, 6, 6.5], "texture": "#0"},
				"south": {"uv": [5.5, 4, 6, 6.5], "texture": "#0"},
				"west": {"uv": [5.5, 4, 6, 6.5], "texture": "#0"},
				"up": {"uv": [5.5, 4, 6, 4.5], "texture": "#0"},
				"down": {"uv": [5.5, 6, 6, 6.5], "texture": "#0"}
			}
		},
		{
			"name": "blunderbuss-standby_9",
			"from": [6, 9, 7.5],
			"to": [6.5, 11.5, 8.5],
			"faces": {
				"north": {"uv": [6.5, 4.5, 6, 7], "texture": "#0"},
				"east": {"uv": [6, 4.5, 6.5, 7], "texture": "#0"},
				"south": {"uv": [6, 4.5, 6.5, 7], "texture": "#0"},
				"west": {"uv": [6, 4.5, 6.5, 7], "texture": "#0"},
				"up": {"uv": [6, 4.5, 6.5, 5], "texture": "#0"},
				"down": {"uv": [6, 6.5, 6.5, 7], "texture": "#0"}
			}
		},
		{
			"name": "blunderbuss-standby_10",
			"from": [6.5, 8.5, 7.5],
			"to": [7, 11, 8.5],
			"faces": {
				"north": {"uv": [7, 5, 6.5, 7.5], "texture": "#0"},
				"east": {"uv": [6.5, 5, 7, 7.5], "texture": "#0"},
				"south": {"uv": [6.5, 5, 7, 7.5], "texture": "#0"},
				"west": {"uv": [6.5, 5, 7, 7.5], "texture": "#0"},
				"up": {"uv": [6.5, 5, 7, 5.5], "texture": "#0"},
				"down": {"uv": [6.5, 7, 7, 7.5], "texture": "#0"}
			}
		},
		{
			"name": "blunderbuss-standby_11",
			"from": [7, 8, 7.5],
			"to": [7.5, 10.5, 8.5],
			"faces": {
				"north": {"uv": [7.5, 5.5, 7, 8], "texture": "#0"},
				"east": {"uv": [7, 5.5, 7.5, 8], "texture": "#0"},
				"south": {"uv": [7, 5.5, 7.5, 8], "texture": "#0"},
				"west": {"uv": [7, 5.5, 7.5, 8], "texture": "#0"},
				"up": {"uv": [7, 5.5, 7.5, 6], "texture": "#0"},
				"down": {"uv": [7, 7.5, 7.5, 8], "texture": "#0"}
			}
		},
		{
			"name": "blunderbuss-standby_12",
			"from": [7.5, 7, 7.5],
			"to": [8, 10, 8.5],
			"faces": {
				"north": {"uv": [8, 6, 7.5, 9], "texture": "#0"},
				"east": {"uv": [7.5, 6, 8, 9], "texture": "#0"},
				"south": {"uv": [7.5, 6, 8, 9], "texture": "#0"},
				"west": {"uv": [7.5, 6, 8, 9], "texture": "#0"},
				"up": {"uv": [7.5, 6, 8, 6.5], "texture": "#0"},
				"down": {"uv": [7.5, 8.5, 8, 9], "texture": "#0"}
			}
		},
		{
			"name": "blunderbuss-standby_13",
			"from": [8, 6.5, 7.5],
			"to": [8.5, 9.5, 8.5],
			"faces": {
				"north": {"uv": [8.5, 6.5, 8, 9.5], "texture": "#0"},
				"east": {"uv": [8, 6.5, 8.5, 9.5], "texture": "#0"},
				"south": {"uv": [8, 6.5, 8.5, 9.5], "texture": "#0"},
				"west": {"uv": [8, 6.5, 8.5, 9.5], "texture": "#0"},
				"up": {"uv": [8, 6.5, 8.5, 7], "texture": "#0"},
				"down": {"uv": [8, 9, 8.5, 9.5], "texture": "#0"}
			}
		},
		{
			"name": "blunderbuss-standby_14",
			"from": [8.5, 5.5, 7.5],
			"to": [9, 9, 8.5],
			"faces": {
				"north": {"uv": [9, 7, 8.5, 10.5], "texture": "#0"},
				"east": {"uv": [8.5, 7, 9, 10.5], "texture": "#0"},
				"south": {"uv": [8.5, 7, 9, 10.5], "texture": "#0"},
				"west": {"uv": [8.5, 7, 9, 10.5], "texture": "#0"},
				"up": {"uv": [8.5, 7, 9, 7.5], "texture": "#0"},
				"down": {"uv": [8.5, 10, 9, 10.5], "texture": "#0"}
			}
		},
		{
			"name": "blunderbuss-standby_15",
			"from": [9, 6, 7.5],
			"to": [10, 8.5, 8.5],
			"faces": {
				"north": {"uv": [10, 7.5, 9, 10], "texture": "#0"},
				"east": {"uv": [9.5, 7.5, 10, 10], "texture": "#0"},
				"south": {"uv": [9, 7.5, 10, 10], "texture": "#0"},
				"west": {"uv": [9, 7.5, 9.5, 10], "texture": "#0"},
				"up": {"uv": [9, 7.5, 10, 8], "texture": "#0"},
				"down": {"uv": [9, 9.5, 10, 10], "texture": "#0"}
			}
		},
		{
			"name": "blunderbuss-standby_16",
			"from": [10, 4, 7.5],
			"to": [10.5, 8, 8.5],
			"faces": {
				"north": {"uv": [10.5, 8, 10, 12], "texture": "#0"},
				"east": {"uv": [10, 8, 10.5, 12], "texture": "#0"},
				"south": {"uv": [10, 8, 10.5, 12], "texture": "#0"},
				"west": {"uv": [10, 8, 10.5, 12], "texture": "#0"},
				"up": {"uv": [10, 8, 10.5, 8.5], "texture": "#0"},
				"down": {"uv": [10, 11.5, 10.5, 12], "texture": "#0"}
			}
		},
		{
			"name": "blunderbuss-standby_17",
			"from": [10.5, 3, 7.5],
			"to": [11, 7.5, 8.5],
			"faces": {
				"north": {"uv": [11, 8.5, 10.5, 13], "texture": "#0"},
				"east": {"uv": [10.5, 8.5, 11, 13], "texture": "#0"},
				"south": {"uv": [10.5, 8.5, 11, 13], "texture": "#0"},
				"west": {"uv": [10.5, 8.5, 11, 13], "texture": "#0"},
				"up": {"uv": [10.5, 8.5, 11, 9], "texture": "#0"},
				"down": {"uv": [10.5, 12.5, 11, 13], "texture": "#0"}
			}
		},
		{
			"name": "blunderbuss-standby_18",
			"from": [11, 2, 7.5],
			"to": [11.5, 6.5, 8.5],
			"faces": {
				"north": {"uv": [11.5, 9.5, 11, 14], "texture": "#0"},
				"east": {"uv": [11, 9.5, 11.5, 14], "texture": "#0"},
				"south": {"uv": [11, 9.5, 11.5, 14], "texture": "#0"},
				"west": {"uv": [11, 9.5, 11.5, 14], "texture": "#0"},
				"up": {"uv": [11, 9.5, 11.5, 10], "texture": "#0"},
				"down": {"uv": [11, 13.5, 11.5, 14], "texture": "#0"}
			}
		},
		{
			"name": "blunderbuss-standby_19",
			"from": [9.5, 5, 7.5],
			"to": [10, 6, 8.5],
			"faces": {
				"north": {"uv": [10, 10, 9.5, 11], "texture": "#0"},
				"east": {"uv": [9.5, 10, 10, 11], "texture": "#0"},
				"south": {"uv": [9.5, 10, 10, 11], "texture": "#0"},
				"west": {"uv": [9.5, 10, 10, 11], "texture": "#0"},
				"up": {"uv": [9.5, 10, 10, 10.5], "texture": "#0"},
				"down": {"uv": [9.5, 10.5, 10, 11], "texture": "#0"}
			}
		},
		{
			"name": "blunderbuss-standby_20",
			"from": [9, 5, 7.5],
			"to": [9.5, 5.5, 8.5],
			"faces": {
				"north": {"uv": [9.5, 10.5, 9, 11], "texture": "#0"},
				"east": {"uv": [9, 10.5, 9.5, 11], "texture": "#0"},
				"south": {"uv": [9, 10.5, 9.5, 11], "texture": "#0"},
				"west": {"uv": [9, 10.5, 9.5, 11], "texture": "#0"},
				"up": {"uv": [9, 10.5, 9.5, 11], "texture": "#0"},
				"down": {"uv": [9, 10.5, 9.5, 11], "texture": "#0"}
			}
		},
		{
			"name": "blunderbuss-standby_21",
			"from": [11.5, 1, 7.5],
			"to": [12, 5, 8.5],
			"faces": {
				"north": {"uv": [12, 11, 11.5, 15], "texture": "#0"},
				"east": {"uv": [11.5, 11, 12, 15], "texture": "#0"},
				"south": {"uv": [11.5, 11, 12, 15], "texture": "#0"},
				"west": {"uv": [11.5, 11, 12, 15], "texture": "#0"},
				"up": {"uv": [11.5, 11, 12, 11.5], "texture": "#0"},
				"down": {"uv": [11.5, 14.5, 12, 15], "texture": "#0"}
			}
		},
		{
			"name": "blunderbuss-standby_22",
			"from": [12, 0, 7.5],
			"to": [12.5, 4.5, 8.5],
			"faces": {
				"north": {"uv": [12.5, 11.5, 12, 16], "texture": "#0"},
				"east": {"uv": [12, 11.5, 12.5, 16], "texture": "#0"},
				"south": {"uv": [12, 11.5, 12.5, 16], "texture": "#0"},
				"west": {"uv": [12, 11.5, 12.5, 16], "texture": "#0"},
				"up": {"uv": [12, 11.5, 12.5, 12], "texture": "#0"},
				"down": {"uv": [12, 15.5, 12.5, 16], "texture": "#0"}
			}
		},
		{
			"name": "blunderbuss-standby_23",
			"from": [12.5, 0, 7.5],
			"to": [13, 4, 8.5],
			"faces": {
				"north": {"uv": [13, 12, 12.5, 16], "texture": "#0"},
				"east": {"uv": [12.5, 12, 13, 16], "texture": "#0"},
				"south": {"uv": [12.5, 12, 13, 16], "texture": "#0"},
				"west": {"uv": [12.5, 12, 13, 16], "texture": "#0"},
				"up": {"uv": [12.5, 12, 13, 12.5], "texture": "#0"},
				"down": {"uv": [12.5, 15.5, 13, 16], "texture": "#0"}
			}
		},
		{
			"name": "blunderbuss-standby_24",
			"from": [13, 0.5, 7.5],
			"to": [13.5, 3.5, 8.5],
			"faces": {
				"north": {"uv": [13.5, 12.5, 13, 15.5], "texture": "#0"},
				"east": {"uv": [13, 12.5, 13.5, 15.5], "texture": "#0"},
				"south": {"uv": [13, 12.5, 13.5, 15.5], "texture": "#0"},
				"west": {"uv": [13, 12.5, 13.5, 15.5], "texture": "#0"},
				"up": {"uv": [13, 12.5, 13.5, 13], "texture": "#0"},
				"down": {"uv": [13, 15, 13.5, 15.5], "texture": "#0"}
			}
		},
		{
			"name": "blunderbuss-standby_25",
			"from": [13.5, 1, 7.5],
			"to": [14, 3, 8.5],
			"faces": {
				"north": {"uv": [14, 13, 13.5, 15], "texture": "#0"},
				"east": {"uv": [13.5, 13, 14, 15], "texture": "#0"},
				"south": {"uv": [13.5, 13, 14, 15], "texture": "#0"},
				"west": {"uv": [13.5, 13, 14, 15], "texture": "#0"},
				"up": {"uv": [13.5, 13, 14, 13.5], "texture": "#0"},
				"down": {"uv": [13.5, 14.5, 14, 15], "texture": "#0"}
			}
		},
		{
			"name": "blunderbuss-standby_26",
			"from": [14, 1.5, 7.5],
			"to": [14.5, 2.5, 8.5],
			"faces": {
				"north": {"uv": [14.5, 13.5, 14, 14.5], "texture": "#0"},
				"east": {"uv": [14, 13.5, 14.5, 14.5], "texture": "#0"},
				"south": {"uv": [14, 13.5, 14.5, 14.5], "texture": "#0"},
				"west": {"uv": [14, 13.5, 14.5, 14.5], "texture": "#0"},
				"up": {"uv": [14, 13.5, 14.5, 14], "texture": "#0"},
				"down": {"uv": [14, 14, 14.5, 14.5], "texture": "#0"}
			}
		}
	],
	"display": {
		"thirdperson_righthand": {
			"rotation": [-122, -130, -129],
			"translation": [-3.75, 0.25, -0.25],
			"scale": [1.5, 1.5, 1]
		},
		"thirdperson_lefthand": {
			"rotation": [-101, 110, -135],
			"translation": [-0.75, -4.9, 5],
			"scale": [1.5, 1.5, 1]
		},
		"firstperson_righthand": {
			"rotation": [173, -161, -122],
			"translation": [-9.75, -3, -6.5],
			"scale": [2, 2, 1]
		},
		"firstperson_lefthand": {
			"rotation": [-90, -92.5, -55],
			"translation": [80, 80, 80],
			"scale": [0, 0, 0]
		},
		"ground": {
			"translation": [0, 2.75, 0],
			"scale": [1.2, 1.2, 0.7]
		},
		"gui": {
			"scale": [2, 2, 1]
		},
		"fixed": {
			"rotation": [0, 180, 0],
			"scale": [2, 2, 1]
		}
	},
	"groups": [
		{
			"name": "blunderbuss-standby",
			"origin": [8, 8, 8],
			"color": 0,
			"children": [0, 1, 2, 3, 4, 5, 6, 7, 8, 9, 10, 11, 12, 13, 14, 15, 16, 17, 18, 19, 20, 21, 22, 23, 24, 25, 26]
		}
	]
}