{
	"credit": "Made with Blockbench",
	"textures": {
		"1": "item/custom_tools/netherite/sabre",
		"particle": "item/custom_tools/netherite/sabre"
	},
	"elements": [
		{
			"name": "sabre_0",
			"from": [7.5, 7, 7.5],
			"to": [9.5, 8.5, 8.5],
			"faces": {
				"north": {"uv": [9.5, 7.5, 7.5, 9], "texture": "#1"},
				"east": {"uv": [9, 7.5, 9.5, 9], "texture": "#1"},
				"south": {"uv": [7.5, 7.5, 9.5, 9], "texture": "#1"},
				"west": {"uv": [7.5, 7.5, 8, 9], "texture": "#1"},
				"up": {"uv": [7.5, 7.5, 9.5, 8], "texture": "#1"},
				"down": {"uv": [7.5, 8.5, 9.5, 9], "texture": "#1"}
			}
		},
		{
			"name": "sabre_1",
			"from": [7, 6, 7.5],
			"to": [7.5, 8, 8.5],
			"faces": {
				"north": {"uv": [7.5, 8, 7, 10], "texture": "#1"},
				"east": {"uv": [7, 8, 7.5, 10], "texture": "#1"},
				"south": {"uv": [7, 8, 7.5, 10], "texture": "#1"},
				"west": {"uv": [7, 8, 7.5, 10], "texture": "#1"},
				"up": {"uv": [7, 8, 7.5, 8.5], "texture": "#1"},
				"down": {"uv": [7, 9.5, 7.5, 10], "texture": "#1"}
			}
		},
		{
			"name": "sabre_2",
			"from": [9.5, 7, 7.5],
			"to": [10, 8, 8.5],
			"faces": {
				"north": {"uv": [10, 8, 9.5, 9], "texture": "#1"},
				"east": {"uv": [9.5, 8, 10, 9], "texture": "#1"},
				"south": {"uv": [9.5, 8, 10, 9], "texture": "#1"},
				"west": {"uv": [9.5, 8, 10, 9], "texture": "#1"},
				"up": {"uv": [9.5, 8, 10, 8.5], "texture": "#1"},
				"down": {"uv": [9.5, 8.5, 10, 9], "texture": "#1"}
			}
		},
		{
			"name": "sabre_3",
			"from": [6.5, 5.5, 7.5],
			"to": [7, 7.5, 8.5],
			"faces": {
				"north": {"uv": [7, 8.5, 6.5, 10.5], "texture": "#1"},
				"east": {"uv": [6.5, 8.5, 7, 10.5], "texture": "#1"},
				"south": {"uv": [6.5, 8.5, 7, 10.5], "texture": "#1"},
				"west": {"uv": [6.5, 8.5, 7, 10.5], "texture": "#1"},
				"up": {"uv": [6.5, 8.5, 7, 9], "texture": "#1"},
				"down": {"uv": [6.5, 10, 7, 10.5], "texture": "#1"}
			}
		},
		{
			"name": "sabre_4",
			"from": [10, 7, 7.5],
			"to": [10.5, 7.5, 8.5],
			"faces": {
				"north": {"uv": [10.5, 8.5, 10, 9], "texture": "#1"},
				"east": {"uv": [10, 8.5, 10.5, 9], "texture": "#1"},
				"south": {"uv": [10, 8.5, 10.5, 9], "texture": "#1"},
				"west": {"uv": [10, 8.5, 10.5, 9], "texture": "#1"},
				"up": {"uv": [10, 8.5, 10.5, 9], "texture": "#1"},
				"down": {"uv": [10, 8.5, 10.5, 9], "texture": "#1"}
			}
		},
		{
			"name": "sabre_5",
			"from": [6, 5, 7.5],
			"to": [6.5, 7, 8.5],
			"faces": {
				"north": {"uv": [6.5, 9, 6, 11], "texture": "#1"},
				"east": {"uv": [6, 9, 6.5, 11], "texture": "#1"},
				"south": {"uv": [6, 9, 6.5, 11], "texture": "#1"},
				"west": {"uv": [6, 9, 6.5, 11], "texture": "#1"},
				"up": {"uv": [6, 9, 6.5, 9.5], "texture": "#1"},
				"down": {"uv": [6, 10.5, 6.5, 11], "texture": "#1"}
			}
		},
		{
			"name": "sabre_6",
			"from": [7.5, 6.5, 7.5],
			"to": [8.5, 7, 8.5],
			"faces": {
				"north": {"uv": [8.5, 9, 7.5, 9.5], "texture": "#1"},
				"east": {"uv": [8, 9, 8.5, 9.5], "texture": "#1"},
				"south": {"uv": [7.5, 9, 8.5, 9.5], "texture": "#1"},
				"west": {"uv": [7.5, 9, 8, 9.5], "texture": "#1"},
				"up": {"uv": [7.5, 9, 8.5, 9.5], "texture": "#1"},
				"down": {"uv": [7.5, 9, 8.5, 9.5], "texture": "#1"}
			}
		},
		{
			"name": "sabre_7",
			"from": [5.5, 4.5, 7.5],
			"to": [6, 6.5, 8.5],
			"faces": {
				"north": {"uv": [6, 9.5, 5.5, 11.5], "texture": "#1"},
				"east": {"uv": [5.5, 9.5, 6, 11.5], "texture": "#1"},
				"south": {"uv": [5.5, 9.5, 6, 11.5], "texture": "#1"},
				"west": {"uv": [5.5, 9.5, 6, 11.5], "texture": "#1"},
				"up": {"uv": [5.5, 9.5, 6, 10], "texture": "#1"},
				"down": {"uv": [5.5, 11, 6, 11.5], "texture": "#1"}
			}
		},
		{
			"name": "sabre_8",
			"from": [5, 4, 7.5],
			"to": [5.5, 6, 8.5],
			"faces": {
				"north": {"uv": [5.5, 10, 5, 12], "texture": "#1"},
				"east": {"uv": [5, 10, 5.5, 12], "texture": "#1"},
				"south": {"uv": [5, 10, 5.5, 12], "texture": "#1"},
				"west": {"uv": [5, 10, 5.5, 12], "texture": "#1"},
				"up": {"uv": [5, 10, 5.5, 10.5], "texture": "#1"},
				"down": {"uv": [5, 11.5, 5.5, 12], "texture": "#1"}
			}
		},
		{
			"name": "sabre_9",
			"from": [4.5, 3.5, 7.5],
			"to": [5, 5.5, 8.5],
			"faces": {
				"north": {"uv": [5, 10.5, 4.5, 12.5], "texture": "#1"},
				"east": {"uv": [4.5, 10.5, 5, 12.5], "texture": "#1"},
				"south": {"uv": [4.5, 10.5, 5, 12.5], "texture": "#1"},
				"west": {"uv": [4.5, 10.5, 5, 12.5], "texture": "#1"},
				"up": {"uv": [4.5, 10.5, 5, 11], "texture": "#1"},
				"down": {"uv": [4.5, 12, 5, 12.5], "texture": "#1"}
			}
		},
		{
			"name": "sabre_10",
			"from": [4, 3, 7.5],
			"to": [4.5, 5, 8.5],
			"faces": {
				"north": {"uv": [4.5, 11, 4, 13], "texture": "#1"},
				"east": {"uv": [4, 11, 4.5, 13], "texture": "#1"},
				"south": {"uv": [4, 11, 4.5, 13], "texture": "#1"},
				"west": {"uv": [4, 11, 4.5, 13], "texture": "#1"},
				"up": {"uv": [4, 11, 4.5, 11.5], "texture": "#1"},
				"down": {"uv": [4, 12.5, 4.5, 13], "texture": "#1"}
			}
		},
		{
			"name": "sabre_11",
			"from": [1, 3.5, 7.5],
			"to": [2, 4.5, 8.5],
			"faces": {
				"north": {"uv": [2, 11.5, 1, 12.5], "texture": "#1"},
				"east": {"uv": [1.5, 11.5, 2, 12.5], "texture": "#1"},
				"south": {"uv": [1, 11.5, 2, 12.5], "texture": "#1"},
				"west": {"uv": [1, 11.5, 1.5, 12.5], "texture": "#1"},
				"up": {"uv": [1, 11.5, 2, 12], "texture": "#1"},
				"down": {"uv": [1, 12, 2, 12.5], "texture": "#1"}
			}
		},
		{
			"name": "sabre_12",
			"from": [3.5, 1, 7.5],
			"to": [4, 4.5, 8.5],
			"faces": {
				"north": {"uv": [4, 11.5, 3.5, 15], "texture": "#1"},
				"east": {"uv": [3.5, 11.5, 4, 15], "texture": "#1"},
				"south": {"uv": [3.5, 11.5, 4, 15], "texture": "#1"},
				"west": {"uv": [3.5, 11.5, 4, 15], "texture": "#1"},
				"up": {"uv": [3.5, 11.5, 4, 12], "texture": "#1"},
				"down": {"uv": [3.5, 14.5, 4, 15], "texture": "#1"}
			}
		},
		{
			"name": "sabre_13",
			"from": [2, 1.5, 7.5],
			"to": [2.5, 4, 8.5],
			"faces": {
				"north": {"uv": [2.5, 12, 2, 14.5], "texture": "#1"},
				"east": {"uv": [2, 12, 2.5, 14.5], "texture": "#1"},
				"south": {"uv": [2, 12, 2.5, 14.5], "texture": "#1"},
				"west": {"uv": [2, 12, 2.5, 14.5], "texture": "#1"},
				"up": {"uv": [2, 12, 2.5, 12.5], "texture": "#1"},
				"down": {"uv": [2, 14, 2.5, 14.5], "texture": "#1"}
			}
		},
		{
			"name": "sabre_14",
			"from": [3, 1.5, 7.5],
			"to": [3.5, 4, 8.5],
			"faces": {
				"north": {"uv": [3.5, 12, 3, 14.5], "texture": "#1"},
				"east": {"uv": [3, 12, 3.5, 14.5], "texture": "#1"},
				"south": {"uv": [3, 12, 3.5, 14.5], "texture": "#1"},
				"west": {"uv": [3, 12, 3.5, 14.5], "texture": "#1"},
				"up": {"uv": [3, 12, 3.5, 12.5], "texture": "#1"},
				"down": {"uv": [3, 14, 3.5, 14.5], "texture": "#1"}
			}
		},
		{
			"name": "sabre_15",
			"from": [0.5, 3, 7.5],
			"to": [1, 3.5, 8.5],
			"faces": {
				"north": {"uv": [1, 12.5, 0.5, 13], "texture": "#1"},
				"east": {"uv": [0.5, 12.5, 1, 13], "texture": "#1"},
				"south": {"uv": [0.5, 12.5, 1, 13], "texture": "#1"},
				"west": {"uv": [0.5, 12.5, 1, 13], "texture": "#1"},
				"up": {"uv": [0.5, 12.5, 1, 13], "texture": "#1"},
				"down": {"uv": [0.5, 12.5, 1, 13], "texture": "#1"}
			}
		},
		{
			"name": "sabre_16",
			"from": [1.5, 3, 7.5],
			"to": [2, 3.5, 8.5],
			"faces": {
				"north": {"uv": [2, 12.5, 1.5, 13], "texture": "#1"},
				"east": {"uv": [1.5, 12.5, 2, 13], "texture": "#1"},
				"south": {"uv": [1.5, 12.5, 2, 13], "texture": "#1"},
				"west": {"uv": [1.5, 12.5, 2, 13], "texture": "#1"},
				"up": {"uv": [1.5, 12.5, 2, 13], "texture": "#1"},
				"down": {"uv": [1.5, 12.5, 2, 13], "texture": "#1"}
			}
		},
		{
			"name": "sabre_17",
			"from": [2.5, 2, 7.5],
			"to": [3, 3.5, 8.5],
			"faces": {
				"north": {"uv": [3, 12.5, 2.5, 14], "texture": "#1"},
				"east": {"uv": [2.5, 12.5, 3, 14], "texture": "#1"},
				"south": {"uv": [2.5, 12.5, 3, 14], "texture": "#1"},
				"west": {"uv": [2.5, 12.5, 3, 14], "texture": "#1"},
				"up": {"uv": [2.5, 12.5, 3, 13], "texture": "#1"},
				"down": {"uv": [2.5, 13.5, 3, 14], "texture": "#1"}
			}
		},
		{
			"name": "sabre_18",
			"from": [0, 0.5, 7.5],
			"to": [0.5, 3, 8.5],
			"faces": {
				"north": {"uv": [0.5, 13, 0, 15.5], "texture": "#1"},
				"east": {"uv": [0, 13, 0.5, 15.5], "texture": "#1"},
				"south": {"uv": [0, 13, 0.5, 15.5], "texture": "#1"},
				"west": {"uv": [0, 13, 0.5, 15.5], "texture": "#1"},
				"up": {"uv": [0, 13, 0.5, 13.5], "texture": "#1"},
				"down": {"uv": [0, 15, 0.5, 15.5], "texture": "#1"}
			}
		},
		{
			"name": "sabre_19",
			"from": [1.5, 1, 7.5],
			"to": [2, 2.5, 8.5],
			"faces": {
				"north": {"uv": [2, 13.5, 1.5, 15], "texture": "#1"},
				"east": {"uv": [1.5, 13.5, 2, 15], "texture": "#1"},
				"south": {"uv": [1.5, 13.5, 2, 15], "texture": "#1"},
				"west": {"uv": [1.5, 13.5, 2, 15], "texture": "#1"},
				"up": {"uv": [1.5, 13.5, 2, 14], "texture": "#1"},
				"down": {"uv": [1.5, 14.5, 2, 15], "texture": "#1"}
			}
		},
		{
			"name": "sabre_20",
			"from": [1, 0, 7.5],
			"to": [1.5, 2, 8.5],
			"faces": {
				"north": {"uv": [1.5, 14, 1, 16], "texture": "#1"},
				"east": {"uv": [1, 14, 1.5, 16], "texture": "#1"},
				"south": {"uv": [1, 14, 1.5, 16], "texture": "#1"},
				"west": {"uv": [1, 14, 1.5, 16], "texture": "#1"},
				"up": {"uv": [1, 14, 1.5, 14.5], "texture": "#1"},
				"down": {"uv": [1, 15.5, 1.5, 16], "texture": "#1"}
			}
		},
		{
			"name": "sabre_21",
			"from": [4, 1, 7.5],
			"to": [4.5, 2, 8.5],
			"faces": {
				"north": {"uv": [4.5, 14, 4, 15], "texture": "#1"},
				"east": {"uv": [4, 14, 4.5, 15], "texture": "#1"},
				"south": {"uv": [4, 14, 4.5, 15], "texture": "#1"},
				"west": {"uv": [4, 14, 4.5, 15], "texture": "#1"},
				"up": {"uv": [4, 14, 4.5, 14.5], "texture": "#1"},
				"down": {"uv": [4, 14.5, 4.5, 15], "texture": "#1"}
			}
		},
		{
			"name": "sabre_22",
			"from": [0.5, 0, 7.5],
			"to": [1, 1.5, 8.5],
			"faces": {
				"north": {"uv": [1, 14.5, 0.5, 16], "texture": "#1"},
				"east": {"uv": [0.5, 14.5, 1, 16], "texture": "#1"},
				"south": {"uv": [0.5, 14.5, 1, 16], "texture": "#1"},
				"west": {"uv": [0.5, 14.5, 1, 16], "texture": "#1"},
				"up": {"uv": [0.5, 14.5, 1, 15], "texture": "#1"},
				"down": {"uv": [0.5, 15.5, 1, 16], "texture": "#1"}
			}
		}
	],
	"display": {
		"thirdperson_righthand": {
			"rotation": [0, -90, 55],
			"translation": [0, 13.5, -1],
			"scale": [1.7, 1.7, 0.85]
		},
		"thirdperson_lefthand": {
			"rotation": [0, 90, -55],
			"translation": [0, 13.5, -1],
			"scale": [1.7, 1.7, 0.85]
		},
		"firstperson_righthand": {
			"rotation": [0, -90, 25],
			"translation": [1.13, 9.6, 3.39],
			"scale": [1.36, 1.36, 0.68]
		},
		"firstperson_lefthand": {
			"rotation": [0, 90, -25],
			"translation": [1.13, 9.6, 3.39],
			"scale": [1.36, 1.36, 0.68]
		},
		"ground": {
			"translation": [0, 2, 0],
			"scale": [1, 1, 0.5]
		},
		"gui": {
			"translation": [8, 8, 0],
			"scale": [2, 2, 1]
		},
		"head": {
			"rotation": [0, 180, 0],
			"translation": [-8, 13, 7],
			"scale": [2, 2, 1]
		},
		"fixed": {
			"rotation": [-180, 0, -180],
			"translation": [-8, 8, 0],
			"scale": [2, 2, 1]
		}
	},
	"groups": [
		{
			"name": "sabre",
			"origin": [8, 8, 8],
			"color": 0,
			"children": [0, 1, 2, 3, 4, 5, 6, 7, 8, 9, 10, 11, 12, 13, 14, 15, 16, 17, 18, 19, 20, 21, 22]
		}
	]
}