{
    "parent": "item/generated",
	"display": {
		"thirdperson_righthand": {
			"rotation": [0, -90, 55],
			"translation": [0, 13.5, -1],
			"scale": [1.7, 1.7, 0.85]
		},
		"thirdperson_lefthand": {
			"rotation": [0, 90, -55],
			"translation": [0, 13.5, -1],
			"scale": [1.7, 1.7, 0.85]
		},
		"firstperson_righthand": {
			"rotation": [0, -90, 25],
			"translation": [1.13, 9.6, 3.39],
			"scale": [1.36, 1.36, 0.68]
		},
		"firstperson_lefthand": {
			"rotation": [0, 90, -25],
			"translation": [1.13, 9.6, 3.39],
			"scale": [1.36, 1.36, 0.68]
		},
		"ground": {
			"translation": [0, 2, 0],
			"scale": [1, 1, 0.5]
		},
		"gui": {
			"translation": [8, 8, 0],
			"scale": [2, 2, 1]
		},
		"head": {
			"rotation": [0, 180, 0],
			"translation": [-8, 13, 7],
			"scale": [2, 2, 1]
		},
		"fixed": {
			"rotation": [180, 0, 180],
			"translation": [4, 4, 0],
			"scale": [2, 2, 1]
		}
	}
}