{
    "__comment": "JimStoneCraft - 2021",
    "variants": {
        "": [
            { "model": "minecraft:block/deepslate_bricks", "weight": 40 },
            { "model": "minecraft:block/deepslate_bricks1", "weight": 5 },
            { "model": "minecraft:block/deepslate_bricks2", "weight": 5 },
            { "model": "minecraft:block/deepslate_bricks3", "weight": 10 },
            { "model": "minecraft:block/deepslate_bricks4", "weight": 10 },
            { "model": "minecraft:block/deepslate_bricks5", "weight": 5 },
            { "model": "minecraft:block/deepslate_bricks6", "weight": 10 },
            { "model": "minecraft:block/deepslate_bricks7", "weight": 15 }
        ]
    }
}
