{
    "__comment": "JimStoneCraft - 2021",
    "multipart": [
        {   "when": { "up": "true" },
            "apply": [
            { "model": "minecraft:block/deepslate_tile_wall_post" },
            { "model": "minecraft:block/deepslate_tile_wall_post1" },
            { "model": "minecraft:block/deepslate_tile_wall_post2" },
            { "model": "minecraft:block/deepslate_tile_wall_post3" }
            ]
        },
        {   "when": { "north": "low" },
            "apply": [
            { "model": "minecraft:block/deepslate_tile_wall_side", "uvlock": true },
            { "model": "minecraft:block/deepslate_tile_wall_side1", "uvlock": true },
            { "model": "minecraft:block/deepslate_tile_wall_side2", "uvlock": true },
            { "model": "minecraft:block/deepslate_tile_wall_side3", "uvlock": true }
            ]
        },
        {   "when": { "east": "low" },
            "apply": [
            { "model": "minecraft:block/deepslate_tile_wall_side", "y": 90, "uvlock": true },
            { "model": "minecraft:block/deepslate_tile_wall_side1", "y": 90, "uvlock": true },
            { "model": "minecraft:block/deepslate_tile_wall_side2", "y": 90, "uvlock": true },
            { "model": "minecraft:block/deepslate_tile_wall_side3", "y": 90, "uvlock": true }
            ]
        },
        {   "when": { "south": "low" },
            "apply": [
            { "model": "minecraft:block/deepslate_tile_wall_side", "y": 180, "uvlock": true },
            { "model": "minecraft:block/deepslate_tile_wall_side1", "y": 180, "uvlock": true },
            { "model": "minecraft:block/deepslate_tile_wall_side2", "y": 180, "uvlock": true },
            { "model": "minecraft:block/deepslate_tile_wall_side3", "y": 180, "uvlock": true }
            ]
        },
        {   "when": { "west": "low" },
            "apply": [
            { "model": "minecraft:block/deepslate_tile_wall_side", "y": 270, "uvlock": true },
            { "model": "minecraft:block/deepslate_tile_wall_side1", "y": 270, "uvlock": true },
            { "model": "minecraft:block/deepslate_tile_wall_side2", "y": 270, "uvlock": true },
            { "model": "minecraft:block/deepslate_tile_wall_side3", "y": 270, "uvlock": true }
            ]
        },
        {   "when": { "north": "tall" },
            "apply": [
            { "model": "minecraft:block/deepslate_tile_wall_side_tall", "uvlock": true },
            { "model": "minecraft:block/deepslate_tile_wall_side_tall1", "uvlock": true },
            { "model": "minecraft:block/deepslate_tile_wall_side_tall2", "uvlock": true },
            { "model": "minecraft:block/deepslate_tile_wall_side_tall3", "uvlock": true }
            ]
        },
        {   "when": { "east": "tall" },
            "apply": [
            { "model": "minecraft:block/deepslate_tile_wall_side_tall", "y": 90, "uvlock": true },
            { "model": "minecraft:block/deepslate_tile_wall_side_tall1", "y": 90, "uvlock": true },
            { "model": "minecraft:block/deepslate_tile_wall_side_tall2", "y": 90, "uvlock": true },
            { "model": "minecraft:block/deepslate_tile_wall_side_tall3", "y": 90, "uvlock": true }
            ]
        },
        {   "when": { "south": "tall" },
            "apply": [
            { "model": "minecraft:block/deepslate_tile_wall_side_tall", "y": 180, "uvlock": true },
            { "model": "minecraft:block/deepslate_tile_wall_side_tall1", "y": 180, "uvlock": true },
            { "model": "minecraft:block/deepslate_tile_wall_side_tall2", "y": 180, "uvlock": true },
            { "model": "minecraft:block/deepslate_tile_wall_side_tall3", "y": 180, "uvlock": true }
            ]
        },
        {   "when": { "west": "tall" },
            "apply": [
            { "model": "minecraft:block/deepslate_tile_wall_side_tall", "y": 270, "uvlock": true },
            { "model": "minecraft:block/deepslate_tile_wall_side_tall1", "y": 270, "uvlock": true },
            { "model": "minecraft:block/deepslate_tile_wall_side_tall2", "y": 270, "uvlock": true },
            { "model": "minecraft:block/deepslate_tile_wall_side_tall3", "y": 270, "uvlock": true }
            ]
        }
    ]
}
