{
    "__comment": "JimStoneCraft - 2021",
    "variants": {
        "": [
            { "model": "minecraft:block/moss_carpet", "weight": 60 },
            { "model": "minecraft:block/moss_carpet", "weight": 60, "y": 90 },
            { "model": "minecraft:block/moss_carpet", "weight": 60, "y": 180 },
            { "model": "minecraft:block/moss_carpet", "weight": 60, "y": 270 },
            { "model": "minecraft:block/moss_carpet1", "weight": 5 },
            { "model": "minecraft:block/moss_carpet1", "weight": 5, "y": 90 },
            { "model": "minecraft:block/moss_carpet1", "weight": 5, "y": 180 },
            { "model": "minecraft:block/moss_carpet1", "weight": 5, "y": 270 },
            { "model": "minecraft:block/moss_carpet2", "weight": 10 },
            { "model": "minecraft:block/moss_carpet2", "weight": 10, "y": 90 },
            { "model": "minecraft:block/moss_carpet2", "weight": 10, "y": 180 },
            { "model": "minecraft:block/moss_carpet2", "weight": 10, "y": 270 },
            { "model": "minecraft:block/moss_carpet3", "weight": 15 },
            { "model": "minecraft:block/moss_carpet3", "weight": 15, "y": 90 },
            { "model": "minecraft:block/moss_carpet3", "weight": 15, "y": 180 },
            { "model": "minecraft:block/moss_carpet3", "weight": 15, "y": 270 },
            { "model": "minecraft:block/moss_carpet4", "weight": 10 },
            { "model": "minecraft:block/moss_carpet4", "weight": 10, "y": 90 },
            { "model": "minecraft:block/moss_carpet4", "weight": 10, "y": 180 },
            { "model": "minecraft:block/moss_carpet4", "weight": 10, "y": 270 }
        ]
    }
}
