{
    "__comment": "JimStoneCraft - 2020",
    "variants": {
    "facing=down": [
        { "model": "minecraft:block/small_amethyst_bud", "x": 180 },
        { "model": "minecraft:block/small_amethyst_bud1", "x": 180 },
        { "model": "minecraft:block/small_amethyst_bud2", "x": 180 },
        { "model": "minecraft:block/small_amethyst_bud3", "x": 180 }
        ],
    "facing=east": [
        { "model": "minecraft:block/small_amethyst_bud", "x": 90, "y": 90 },
        { "model": "minecraft:block/small_amethyst_bud1", "x": 90, "y": 90 },
        { "model": "minecraft:block/small_amethyst_bud2", "x": 90, "y": 90 },
        { "model": "minecraft:block/small_amethyst_bud3", "x": 90, "y": 90 }
        ],
    "facing=north": [
        { "model": "minecraft:block/small_amethyst_bud", "x": 90 },
        { "model": "minecraft:block/small_amethyst_bud1", "x": 90 },
        { "model": "minecraft:block/small_amethyst_bud2", "x": 90 },
        { "model": "minecraft:block/small_amethyst_bud3", "x": 90 }
        ],
    "facing=south": [
        { "model": "minecraft:block/small_amethyst_bud", "x": 90, "y": 180 },
        { "model": "minecraft:block/small_amethyst_bud1", "x": 90, "y": 180 },
        { "model": "minecraft:block/small_amethyst_bud2", "x": 90, "y": 180 },
        { "model": "minecraft:block/small_amethyst_bud3", "x": 90, "y": 180 }
        ],
    "facing=up": [ 
        { "model": "minecraft:block/small_amethyst_bud" },
        { "model": "minecraft:block/small_amethyst_bud1" },
        { "model": "minecraft:block/small_amethyst_bud2" },
        { "model": "minecraft:block/small_amethyst_bud3" }
        ],
    "facing=west": [
        { "model": "minecraft:block/small_amethyst_bud", "x": 90, "y": 270 },
        { "model": "minecraft:block/small_amethyst_bud1", "x": 90, "y": 270 },
        { "model": "minecraft:block/small_amethyst_bud2", "x": 90, "y": 270 },
        { "model": "minecraft:block/small_amethyst_bud3", "x": 90, "y": 270 }
        ]
    }
}
