{
  "name": "ships_warm",
  "fallback": "minecraft:ships/ships_warm",
  "elements": [
    {
      "weight": 1,
      "element": {
        "element_type": "minecraft:legacy_single_pool_element",
        "projection": "rigid",
        "location": "ships:ships/dark_oak",
        "processors": "minecraft:empty"
      }
    },
    {
      "weight": 1,
      "element": {
        "element_type": "minecraft:legacy_single_pool_element",
        "projection": "rigid",
        "location": "ships:ships/birch",
        "processors": "minecraft:empty"
      }
    }
  ]
}
