{
	"credit": "Made with Blockbench",
	"textures": {
		"0": "item/custom_tools/crossbow/flintlock/flintlock-loaded",
		"particle": "item/custom_tools/crossbow/flintlock/flintlock-loaded"
	},
	"elements": [
		{
			"name": "flintlock-loaded_0",
			"from": [3, 12, 7.5],
			"to": [4, 16, 8.5],
			"faces": {
				"north": {"uv": [4, 0, 3, 4], "texture": "#0"},
				"east": {"uv": [3, 0, 4, 4], "texture": "#0"},
				"south": {"uv": [3, 0, 4, 4], "texture": "#0"},
				"west": {"uv": [3, 0, 4, 4], "texture": "#0"},
				"up": {"uv": [3, 0, 4, 1], "texture": "#0"},
				"down": {"uv": [3, 3, 4, 4], "texture": "#0"}
			}
		},
		{
			"name": "flintlock-loaded_1",
			"from": [2, 13, 7.5],
			"to": [3, 15, 8.5],
			"faces": {
				"north": {"uv": [3, 1, 2, 3], "texture": "#0"},
				"east": {"uv": [2, 1, 3, 3], "texture": "#0"},
				"south": {"uv": [2, 1, 3, 3], "texture": "#0"},
				"west": {"uv": [2, 1, 3, 3], "texture": "#0"},
				"up": {"uv": [2, 1, 3, 2], "texture": "#0"},
				"down": {"uv": [2, 2, 3, 3], "texture": "#0"}
			}
		},
		{
			"name": "flintlock-loaded_2",
			"from": [4, 10, 7.5],
			"to": [5, 15, 8.5],
			"faces": {
				"north": {"uv": [5, 1, 4, 6], "texture": "#0"},
				"east": {"uv": [4, 1, 5, 6], "texture": "#0"},
				"south": {"uv": [4, 1, 5, 6], "texture": "#0"},
				"west": {"uv": [4, 1, 5, 6], "texture": "#0"},
				"up": {"uv": [4, 1, 5, 2], "texture": "#0"},
				"down": {"uv": [4, 5, 5, 6], "texture": "#0"}
			}
		},
		{
			"name": "flintlock-loaded_3",
			"from": [5, 9, 7.5],
			"to": [6, 14, 8.5],
			"faces": {
				"north": {"uv": [6, 2, 5, 7], "texture": "#0"},
				"east": {"uv": [5, 2, 6, 7], "texture": "#0"},
				"south": {"uv": [5, 2, 6, 7], "texture": "#0"},
				"west": {"uv": [5, 2, 6, 7], "texture": "#0"},
				"up": {"uv": [5, 2, 6, 3], "texture": "#0"},
				"down": {"uv": [5, 6, 6, 7], "texture": "#0"}
			}
		},
		{
			"name": "flintlock-loaded_4",
			"from": [6, 6, 7.5],
			"to": [7, 13, 8.5],
			"faces": {
				"north": {"uv": [7, 3, 6, 10], "texture": "#0"},
				"east": {"uv": [6, 3, 7, 10], "texture": "#0"},
				"south": {"uv": [6, 3, 7, 10], "texture": "#0"},
				"west": {"uv": [6, 3, 7, 10], "texture": "#0"},
				"up": {"uv": [6, 3, 7, 4], "texture": "#0"},
				"down": {"uv": [6, 9, 7, 10], "texture": "#0"}
			}
		},
		{
			"name": "flintlock-loaded_5",
			"from": [7, 7, 7.5],
			"to": [8, 12, 8.5],
			"faces": {
				"north": {"uv": [8, 4, 7, 9], "texture": "#0"},
				"east": {"uv": [7, 4, 8, 9], "texture": "#0"},
				"south": {"uv": [7, 4, 8, 9], "texture": "#0"},
				"west": {"uv": [7, 4, 8, 9], "texture": "#0"},
				"up": {"uv": [7, 4, 8, 5], "texture": "#0"},
				"down": {"uv": [7, 8, 8, 9], "texture": "#0"}
			}
		},
		{
			"name": "flintlock-loaded_6",
			"from": [8, 5, 7.5],
			"to": [10, 11, 8.5],
			"faces": {
				"north": {"uv": [10, 5, 8, 11], "texture": "#0"},
				"east": {"uv": [9, 5, 10, 11], "texture": "#0"},
				"south": {"uv": [8, 5, 10, 11], "texture": "#0"},
				"west": {"uv": [8, 5, 9, 11], "texture": "#0"},
				"up": {"uv": [8, 5, 10, 6], "texture": "#0"},
				"down": {"uv": [8, 10, 10, 11], "texture": "#0"}
			}
		},
		{
			"name": "flintlock-loaded_7",
			"from": [11, 10, 7.5],
			"to": [12, 11, 8.5],
			"faces": {
				"north": {"uv": [12, 5, 11, 6], "texture": "#0"},
				"east": {"uv": [11, 5, 12, 6], "texture": "#0"},
				"south": {"uv": [11, 5, 12, 6], "texture": "#0"},
				"west": {"uv": [11, 5, 12, 6], "texture": "#0"},
				"up": {"uv": [11, 5, 12, 6], "texture": "#0"},
				"down": {"uv": [11, 5, 12, 6], "texture": "#0"}
			}
		},
		{
			"name": "flintlock-loaded_8",
			"from": [12, 9, 7.5],
			"to": [13, 10, 8.5],
			"faces": {
				"north": {"uv": [13, 6, 12, 7], "texture": "#0"},
				"east": {"uv": [12, 6, 13, 7], "texture": "#0"},
				"south": {"uv": [12, 6, 13, 7], "texture": "#0"},
				"west": {"uv": [12, 6, 13, 7], "texture": "#0"},
				"up": {"uv": [12, 6, 13, 7], "texture": "#0"},
				"down": {"uv": [12, 6, 13, 7], "texture": "#0"}
			}
		},
		{
			"name": "flintlock-loaded_9",
			"from": [10, 2, 7.5],
			"to": [12, 9, 8.5],
			"faces": {
				"north": {"uv": [12, 7, 10, 14], "texture": "#0"},
				"east": {"uv": [11, 7, 12, 14], "texture": "#0"},
				"south": {"uv": [10, 7, 12, 14], "texture": "#0"},
				"west": {"uv": [10, 7, 11, 14], "texture": "#0"},
				"up": {"uv": [10, 7, 12, 8], "texture": "#0"},
				"down": {"uv": [10, 13, 12, 14], "texture": "#0"}
			}
		},
		{
			"name": "flintlock-loaded_10",
			"from": [7, 5, 7.5],
			"to": [8, 6, 8.5],
			"faces": {
				"north": {"uv": [8, 10, 7, 11], "texture": "#0"},
				"east": {"uv": [7, 10, 8, 11], "texture": "#0"},
				"south": {"uv": [7, 10, 8, 11], "texture": "#0"},
				"west": {"uv": [7, 10, 8, 11], "texture": "#0"},
				"up": {"uv": [7, 10, 8, 11], "texture": "#0"},
				"down": {"uv": [7, 10, 8, 11], "texture": "#0"}
			}
		},
		{
			"name": "flintlock-loaded_11",
			"from": [12, 0, 7.5],
			"to": [13, 6, 8.5],
			"faces": {
				"north": {"uv": [13, 10, 12, 16], "texture": "#0"},
				"east": {"uv": [12, 10, 13, 16], "texture": "#0"},
				"south": {"uv": [12, 10, 13, 16], "texture": "#0"},
				"west": {"uv": [12, 10, 13, 16], "texture": "#0"},
				"up": {"uv": [12, 10, 13, 11], "texture": "#0"},
				"down": {"uv": [12, 15, 13, 16], "texture": "#0"}
			}
		},
		{
			"name": "flintlock-loaded_12",
			"from": [9, 4, 7.5],
			"to": [10, 5, 8.5],
			"faces": {
				"north": {"uv": [10, 11, 9, 12], "texture": "#0"},
				"east": {"uv": [9, 11, 10, 12], "texture": "#0"},
				"south": {"uv": [9, 11, 10, 12], "texture": "#0"},
				"west": {"uv": [9, 11, 10, 12], "texture": "#0"},
				"up": {"uv": [9, 11, 10, 12], "texture": "#0"},
				"down": {"uv": [9, 11, 10, 12], "texture": "#0"}
			}
		},
		{
			"name": "flintlock-loaded_13",
			"from": [13, 1, 7.5],
			"to": [14, 5, 8.5],
			"faces": {
				"north": {"uv": [14, 11, 13, 15], "texture": "#0"},
				"east": {"uv": [13, 11, 14, 15], "texture": "#0"},
				"south": {"uv": [13, 11, 14, 15], "texture": "#0"},
				"west": {"uv": [13, 11, 14, 15], "texture": "#0"},
				"up": {"uv": [13, 11, 14, 12], "texture": "#0"},
				"down": {"uv": [13, 14, 14, 15], "texture": "#0"}
			}
		},
		{
			"name": "flintlock-loaded_14",
			"from": [14, 2, 7.5],
			"to": [15, 4, 8.5],
			"faces": {
				"north": {"uv": [15, 12, 14, 14], "texture": "#0"},
				"east": {"uv": [14, 12, 15, 14], "texture": "#0"},
				"south": {"uv": [14, 12, 15, 14], "texture": "#0"},
				"west": {"uv": [14, 12, 15, 14], "texture": "#0"},
				"up": {"uv": [14, 12, 15, 13], "texture": "#0"},
				"down": {"uv": [14, 13, 15, 14], "texture": "#0"}
			}
		},
		{
			"name": "flintlock-loaded_15",
			"from": [11, 0, 7.5],
			"to": [12, 2, 8.5],
			"faces": {
				"north": {"uv": [12, 14, 11, 16], "texture": "#0"},
				"east": {"uv": [11, 14, 12, 16], "texture": "#0"},
				"south": {"uv": [11, 14, 12, 16], "texture": "#0"},
				"west": {"uv": [11, 14, 12, 16], "texture": "#0"},
				"up": {"uv": [11, 14, 12, 15], "texture": "#0"},
				"down": {"uv": [11, 15, 12, 16], "texture": "#0"}
			}
		}
	],
	"display": {
		"thirdperson_righthand": {
			"rotation": [-174, -87.75, -129],
			"translation": [-1.5, -0.5, -1],
			"scale": [0.75, 0.75, 1]
		},
		"thirdperson_lefthand": {
			"rotation": [-174, 87.75, 129],
			"translation": [-1.5, -0.5, -1],
			"scale": [0.75, 0.75, 1]
		},
		"firstperson_righthand": {
			"rotation": [-135, -95, -92.5],
			"translation": [8, -0.4, -0.5]
		},
		"firstperson_lefthand": {
			"rotation": [-135, 95, 92.5],
			"translation": [8, -0.4, -0.5]
		},
		"ground": {
			"translation": [0, 2.75, 0],
			"scale": [1.2, 1.2, 0.7]
		},
		"fixed": {
			"rotation": [0, 180, 0]
		}
	},
	"groups": [
		{
			"name": "flintlock-loaded",
			"origin": [8, 8, 8],
			"color": 0,
			"children": [0, 1, 2, 3, 4, 5, 6, 7, 8, 9, 10, 11, 12, 13, 14, 15]
		}
	]
}