{
	"credit": "Made with Blockbench",
	"textures": {
		"0": "item/custom_tools/crossbow/flintlock/flintlock-pulling-2",
		"particle": "item/custom_tools/crossbow/flintlock/flintlock-pulling-2"
	},
	"elements": [
		{
			"name": "flintlock-pulling-2_0",
			"from": [4, 12, 7.5],
			"to": [5, 13, 8.5],
			"faces": {
				"north": {"uv": [5, 3, 4, 4], "texture": "#0"},
				"east": {"uv": [4.5, 3, 5, 4], "texture": "#0"},
				"south": {"uv": [4, 3, 5, 4], "texture": "#0"},
				"west": {"uv": [4, 3, 4.5, 4], "texture": "#0"},
				"up": {"uv": [4, 3, 5, 3.5], "texture": "#0"},
				"down": {"uv": [4, 3.5, 5, 4], "texture": "#0"}
			}
		},
		{
			"name": "flintlock-pulling-2_1",
			"from": [5, 11, 7.5],
			"to": [5.5, 12.5, 8.5],
			"faces": {
				"north": {"uv": [5.5, 3.5, 5, 5], "texture": "#0"},
				"east": {"uv": [5, 3.5, 5.5, 5], "texture": "#0"},
				"south": {"uv": [5, 3.5, 5.5, 5], "texture": "#0"},
				"west": {"uv": [5, 3.5, 5.5, 5], "texture": "#0"},
				"up": {"uv": [5, 3.5, 5.5, 4], "texture": "#0"},
				"down": {"uv": [5, 4.5, 5.5, 5], "texture": "#0"}
			}
		},
		{
			"name": "flintlock-pulling-2_2",
			"from": [4.5, 11.5, 7.5],
			"to": [5, 12, 8.5],
			"faces": {
				"north": {"uv": [5, 4, 4.5, 4.5], "texture": "#0"},
				"east": {"uv": [4.5, 4, 5, 4.5], "texture": "#0"},
				"south": {"uv": [4.5, 4, 5, 4.5], "texture": "#0"},
				"west": {"uv": [4.5, 4, 5, 4.5], "texture": "#0"},
				"up": {"uv": [4.5, 4, 5, 4.5], "texture": "#0"},
				"down": {"uv": [4.5, 4, 5, 4.5], "texture": "#0"}
			}
		},
		{
			"name": "flintlock-pulling-2_3",
			"from": [5.5, 10.5, 7.5],
			"to": [6, 12, 8.5],
			"faces": {
				"north": {"uv": [6, 4, 5.5, 5.5], "texture": "#0"},
				"east": {"uv": [5.5, 4, 6, 5.5], "texture": "#0"},
				"south": {"uv": [5.5, 4, 6, 5.5], "texture": "#0"},
				"west": {"uv": [5.5, 4, 6, 5.5], "texture": "#0"},
				"up": {"uv": [5.5, 4, 6, 4.5], "texture": "#0"},
				"down": {"uv": [5.5, 5, 6, 5.5], "texture": "#0"}
			}
		},
		{
			"name": "flintlock-pulling-2_4",
			"from": [6, 10, 7.5],
			"to": [6.5, 11.5, 8.5],
			"faces": {
				"north": {"uv": [6.5, 4.5, 6, 6], "texture": "#0"},
				"east": {"uv": [6, 4.5, 6.5, 6], "texture": "#0"},
				"south": {"uv": [6, 4.5, 6.5, 6], "texture": "#0"},
				"west": {"uv": [6, 4.5, 6.5, 6], "texture": "#0"},
				"up": {"uv": [6, 4.5, 6.5, 5], "texture": "#0"},
				"down": {"uv": [6, 5.5, 6.5, 6], "texture": "#0"}
			}
		},
		{
			"name": "flintlock-pulling-2_5",
			"from": [6.5, 9.5, 7.5],
			"to": [7, 11, 8.5],
			"faces": {
				"north": {"uv": [7, 5, 6.5, 6.5], "texture": "#0"},
				"east": {"uv": [6.5, 5, 7, 6.5], "texture": "#0"},
				"south": {"uv": [6.5, 5, 7, 6.5], "texture": "#0"},
				"west": {"uv": [6.5, 5, 7, 6.5], "texture": "#0"},
				"up": {"uv": [6.5, 5, 7, 5.5], "texture": "#0"},
				"down": {"uv": [6.5, 6, 7, 6.5], "texture": "#0"}
			}
		},
		{
			"name": "flintlock-pulling-2_6",
			"from": [7, 9, 7.5],
			"to": [7.5, 10.5, 8.5],
			"faces": {
				"north": {"uv": [7.5, 5.5, 7, 7], "texture": "#0"},
				"east": {"uv": [7, 5.5, 7.5, 7], "texture": "#0"},
				"south": {"uv": [7, 5.5, 7.5, 7], "texture": "#0"},
				"west": {"uv": [7, 5.5, 7.5, 7], "texture": "#0"},
				"up": {"uv": [7, 5.5, 7.5, 6], "texture": "#0"},
				"down": {"uv": [7, 6.5, 7.5, 7], "texture": "#0"}
			}
		},
		{
			"name": "flintlock-pulling-2_7",
			"from": [7.5, 8.5, 7.5],
			"to": [8, 10, 8.5],
			"faces": {
				"north": {"uv": [8, 6, 7.5, 7.5], "texture": "#0"},
				"east": {"uv": [7.5, 6, 8, 7.5], "texture": "#0"},
				"south": {"uv": [7.5, 6, 8, 7.5], "texture": "#0"},
				"west": {"uv": [7.5, 6, 8, 7.5], "texture": "#0"},
				"up": {"uv": [7.5, 6, 8, 6.5], "texture": "#0"},
				"down": {"uv": [7.5, 7, 8, 7.5], "texture": "#0"}
			}
		},
		{
			"name": "flintlock-pulling-2_8",
			"from": [8, 8, 7.5],
			"to": [8.5, 9.5, 8.5],
			"faces": {
				"north": {"uv": [8.5, 6.5, 8, 8], "texture": "#0"},
				"east": {"uv": [8, 6.5, 8.5, 8], "texture": "#0"},
				"south": {"uv": [8, 6.5, 8.5, 8], "texture": "#0"},
				"west": {"uv": [8, 6.5, 8.5, 8], "texture": "#0"},
				"up": {"uv": [8, 6.5, 8.5, 7], "texture": "#0"},
				"down": {"uv": [8, 7.5, 8.5, 8], "texture": "#0"}
			}
		},
		{
			"name": "flintlock-pulling-2_9",
			"from": [8.5, 7.5, 7.5],
			"to": [9, 9, 8.5],
			"faces": {
				"north": {"uv": [9, 7, 8.5, 8.5], "texture": "#0"},
				"east": {"uv": [8.5, 7, 9, 8.5], "texture": "#0"},
				"south": {"uv": [8.5, 7, 9, 8.5], "texture": "#0"},
				"west": {"uv": [8.5, 7, 9, 8.5], "texture": "#0"},
				"up": {"uv": [8.5, 7, 9, 7.5], "texture": "#0"},
				"down": {"uv": [8.5, 8, 9, 8.5], "texture": "#0"}
			}
		},
		{
			"name": "flintlock-pulling-2_10",
			"from": [9, 6.5, 7.5],
			"to": [9.5, 8.5, 8.5],
			"faces": {
				"north": {"uv": [9.5, 7.5, 9, 9.5], "texture": "#0"},
				"east": {"uv": [9, 7.5, 9.5, 9.5], "texture": "#0"},
				"south": {"uv": [9, 7.5, 9.5, 9.5], "texture": "#0"},
				"west": {"uv": [9, 7.5, 9.5, 9.5], "texture": "#0"},
				"up": {"uv": [9, 7.5, 9.5, 8], "texture": "#0"},
				"down": {"uv": [9, 9, 9.5, 9.5], "texture": "#0"}
			}
		},
		{
			"name": "flintlock-pulling-2_11",
			"from": [9.5, 6, 7.5],
			"to": [10, 8, 8.5],
			"faces": {
				"north": {"uv": [10, 8, 9.5, 10], "texture": "#0"},
				"east": {"uv": [9.5, 8, 10, 10], "texture": "#0"},
				"south": {"uv": [9.5, 8, 10, 10], "texture": "#0"},
				"west": {"uv": [9.5, 8, 10, 10], "texture": "#0"},
				"up": {"uv": [9.5, 8, 10, 8.5], "texture": "#0"},
				"down": {"uv": [9.5, 9.5, 10, 10], "texture": "#0"}
			}
		},
		{
			"name": "flintlock-pulling-2_12",
			"from": [10, 5, 7.5],
			"to": [10.5, 7.5, 8.5],
			"faces": {
				"north": {"uv": [10.5, 8.5, 10, 11], "texture": "#0"},
				"east": {"uv": [10, 8.5, 10.5, 11], "texture": "#0"},
				"south": {"uv": [10, 8.5, 10.5, 11], "texture": "#0"},
				"west": {"uv": [10, 8.5, 10.5, 11], "texture": "#0"},
				"up": {"uv": [10, 8.5, 10.5, 9], "texture": "#0"},
				"down": {"uv": [10, 10.5, 10.5, 11], "texture": "#0"}
			}
		},
		{
			"name": "flintlock-pulling-2_13",
			"from": [10.5, 4.5, 7.5],
			"to": [11, 7, 8.5],
			"faces": {
				"north": {"uv": [11, 9, 10.5, 11.5], "texture": "#0"},
				"east": {"uv": [10.5, 9, 11, 11.5], "texture": "#0"},
				"south": {"uv": [10.5, 9, 11, 11.5], "texture": "#0"},
				"west": {"uv": [10.5, 9, 11, 11.5], "texture": "#0"},
				"up": {"uv": [10.5, 9, 11, 9.5], "texture": "#0"},
				"down": {"uv": [10.5, 11, 11, 11.5], "texture": "#0"}
			}
		},
		{
			"name": "flintlock-pulling-2_14",
			"from": [11, 3, 7.5],
			"to": [11.5, 6.5, 8.5],
			"faces": {
				"north": {"uv": [11.5, 9.5, 11, 13], "texture": "#0"},
				"east": {"uv": [11, 9.5, 11.5, 13], "texture": "#0"},
				"south": {"uv": [11, 9.5, 11.5, 13], "texture": "#0"},
				"west": {"uv": [11, 9.5, 11.5, 13], "texture": "#0"},
				"up": {"uv": [11, 9.5, 11.5, 10], "texture": "#0"},
				"down": {"uv": [11, 12.5, 11.5, 13], "texture": "#0"}
			}
		},
		{
			"name": "flintlock-pulling-2_15",
			"from": [11.5, 3.5, 7.5],
			"to": [12, 6, 8.5],
			"faces": {
				"north": {"uv": [12, 10, 11.5, 12.5], "texture": "#0"},
				"east": {"uv": [11.5, 10, 12, 12.5], "texture": "#0"},
				"south": {"uv": [11.5, 10, 12, 12.5], "texture": "#0"},
				"west": {"uv": [11.5, 10, 12, 12.5], "texture": "#0"},
				"up": {"uv": [11.5, 10, 12, 10.5], "texture": "#0"},
				"down": {"uv": [11.5, 12, 12, 12.5], "texture": "#0"}
			}
		},
		{
			"name": "flintlock-pulling-2_16",
			"from": [12, 2.5, 7.5],
			"to": [13, 5.5, 8.5],
			"faces": {
				"north": {"uv": [13, 10.5, 12, 13.5], "texture": "#0"},
				"east": {"uv": [12.5, 10.5, 13, 13.5], "texture": "#0"},
				"south": {"uv": [12, 10.5, 13, 13.5], "texture": "#0"},
				"west": {"uv": [12, 10.5, 12.5, 13.5], "texture": "#0"},
				"up": {"uv": [12, 10.5, 13, 11], "texture": "#0"},
				"down": {"uv": [12, 13, 13, 13.5], "texture": "#0"}
			}
		},
		{
			"name": "flintlock-pulling-2_17",
			"from": [13.5, 5, 7.5],
			"to": [14, 5.5, 8.5],
			"faces": {
				"north": {"uv": [14, 10.5, 13.5, 11], "texture": "#0"},
				"east": {"uv": [13.5, 10.5, 14, 11], "texture": "#0"},
				"south": {"uv": [13.5, 10.5, 14, 11], "texture": "#0"},
				"west": {"uv": [13.5, 10.5, 14, 11], "texture": "#0"},
				"up": {"uv": [13.5, 10.5, 14, 11], "texture": "#0"},
				"down": {"uv": [13.5, 10.5, 14, 11], "texture": "#0"}
			}
		},
		{
			"name": "flintlock-pulling-2_18",
			"from": [14, 4.5, 7.5],
			"to": [14.5, 5, 8.5],
			"faces": {
				"north": {"uv": [14.5, 11, 14, 11.5], "texture": "#0"},
				"east": {"uv": [14, 11, 14.5, 11.5], "texture": "#0"},
				"south": {"uv": [14, 11, 14.5, 11.5], "texture": "#0"},
				"west": {"uv": [14, 11, 14.5, 11.5], "texture": "#0"},
				"up": {"uv": [14, 11, 14.5, 11.5], "texture": "#0"},
				"down": {"uv": [14, 11, 14.5, 11.5], "texture": "#0"}
			}
		},
		{
			"name": "flintlock-pulling-2_19",
			"from": [13, 1, 7.5],
			"to": [14, 4.5, 8.5],
			"faces": {
				"north": {"uv": [14, 11.5, 13, 15], "texture": "#0"},
				"east": {"uv": [13.5, 11.5, 14, 15], "texture": "#0"},
				"south": {"uv": [13, 11.5, 14, 15], "texture": "#0"},
				"west": {"uv": [13, 11.5, 13.5, 15], "texture": "#0"},
				"up": {"uv": [13, 11.5, 14, 12], "texture": "#0"},
				"down": {"uv": [13, 14.5, 14, 15], "texture": "#0"}
			}
		},
		{
			"name": "flintlock-pulling-2_20",
			"from": [11.5, 2.5, 7.5],
			"to": [12, 3, 8.5],
			"faces": {
				"north": {"uv": [12, 13, 11.5, 13.5], "texture": "#0"},
				"east": {"uv": [11.5, 13, 12, 13.5], "texture": "#0"},
				"south": {"uv": [11.5, 13, 12, 13.5], "texture": "#0"},
				"west": {"uv": [11.5, 13, 12, 13.5], "texture": "#0"},
				"up": {"uv": [11.5, 13, 12, 13.5], "texture": "#0"},
				"down": {"uv": [11.5, 13, 12, 13.5], "texture": "#0"}
			}
		},
		{
			"name": "flintlock-pulling-2_21",
			"from": [14, 0, 7.5],
			"to": [14.5, 3, 8.5],
			"faces": {
				"north": {"uv": [14.5, 13, 14, 16], "texture": "#0"},
				"east": {"uv": [14, 13, 14.5, 16], "texture": "#0"},
				"south": {"uv": [14, 13, 14.5, 16], "texture": "#0"},
				"west": {"uv": [14, 13, 14.5, 16], "texture": "#0"},
				"up": {"uv": [14, 13, 14.5, 13.5], "texture": "#0"},
				"down": {"uv": [14, 15.5, 14.5, 16], "texture": "#0"}
			}
		},
		{
			"name": "flintlock-pulling-2_22",
			"from": [12.5, 2, 7.5],
			"to": [13, 2.5, 8.5],
			"faces": {
				"north": {"uv": [13, 13.5, 12.5, 14], "texture": "#0"},
				"east": {"uv": [12.5, 13.5, 13, 14], "texture": "#0"},
				"south": {"uv": [12.5, 13.5, 13, 14], "texture": "#0"},
				"west": {"uv": [12.5, 13.5, 13, 14], "texture": "#0"},
				"up": {"uv": [12.5, 13.5, 13, 14], "texture": "#0"},
				"down": {"uv": [12.5, 13.5, 13, 14], "texture": "#0"}
			}
		},
		{
			"name": "flintlock-pulling-2_23",
			"from": [14.5, 0.5, 7.5],
			"to": [15, 2.5, 8.5],
			"faces": {
				"north": {"uv": [15, 13.5, 14.5, 15.5], "texture": "#0"},
				"east": {"uv": [14.5, 13.5, 15, 15.5], "texture": "#0"},
				"south": {"uv": [14.5, 13.5, 15, 15.5], "texture": "#0"},
				"west": {"uv": [14.5, 13.5, 15, 15.5], "texture": "#0"},
				"up": {"uv": [14.5, 13.5, 15, 14], "texture": "#0"},
				"down": {"uv": [14.5, 15, 15, 15.5], "texture": "#0"}
			}
		},
		{
			"name": "flintlock-pulling-2_24",
			"from": [15, 1, 7.5],
			"to": [15.5, 2, 8.5],
			"faces": {
				"north": {"uv": [15.5, 14, 15, 15], "texture": "#0"},
				"east": {"uv": [15, 14, 15.5, 15], "texture": "#0"},
				"south": {"uv": [15, 14, 15.5, 15], "texture": "#0"},
				"west": {"uv": [15, 14, 15.5, 15], "texture": "#0"},
				"up": {"uv": [15, 14, 15.5, 14.5], "texture": "#0"},
				"down": {"uv": [15, 14.5, 15.5, 15], "texture": "#0"}
			}
		},
		{
			"name": "flintlock-pulling-2_25",
			"from": [13.5, 0, 7.5],
			"to": [14, 1, 8.5],
			"faces": {
				"north": {"uv": [14, 15, 13.5, 16], "texture": "#0"},
				"east": {"uv": [13.5, 15, 14, 16], "texture": "#0"},
				"south": {"uv": [13.5, 15, 14, 16], "texture": "#0"},
				"west": {"uv": [13.5, 15, 14, 16], "texture": "#0"},
				"up": {"uv": [13.5, 15, 14, 15.5], "texture": "#0"},
				"down": {"uv": [13.5, 15.5, 14, 16], "texture": "#0"}
			}
		}
	],
	"display": {
		"thirdperson_righthand": {
			"rotation": [-90, -87.75, -135],
			"translation": [0, 3.25, 0],
			"scale": [1.5, 1.5, 1]
		},
		"thirdperson_lefthand": {
			"rotation": [-90, 87.75, 135],
			"translation": [0, 3.25, 0],
			"scale": [1.5, 1.5, 1]
		},
		"firstperson_righthand": {
			"rotation": [-90, -115, -127.5],
			"translation": [5, 4.5, -4],
			"scale": [2, 2, 1]
		},
		"firstperson_lefthand": {
			"rotation": [-90, 70, 127.5],
			"translation": [5, 4.5, -4],
			"scale": [2, 2, 1]
		},
		"ground": {
			"translation": [0, 2.75, 0],
			"scale": [1.2, 1.2, 0.7]
		},
		"gui": {
			"translation": [-8, 8, 0],
			"scale": [2, 2, 1]
		},
		"fixed": {
			"rotation": [0, 180, 0],
			"translation": [8, 8, 0],
			"scale": [2, 2, 1]
		}
	},
	"groups": [
		{
			"name": "flintlock-pulling-2",
			"origin": [8, 8, 8],
			"color": 0,
			"children": [0, 1, 2, 3, 4, 5, 6, 7, 8, 9, 10, 11, 12, 13, 14, 15, 16, 17, 18, 19, 20, 21, 22, 23, 24, 25]
		}
	]
}