{
  "name": "ships_hot",
  "fallback": "ships:ships/ships_hot",
  "elements": [
    {
      "weight": 1,
      "element": {
        "element_type": "minecraft:legacy_single_pool_element",
        "projection": "rigid",
        "location": "ships:ships/jungle",
        "processors": "minecraft:empty"
      }
    },
    {
      "weight": 1,
      "element": {
        "element_type": "minecraft:legacy_single_pool_element",
        "projection": "rigid",
        "location": "ships:ships/acacia",
        "processors": "minecraft:empty"
      }
    }
  ]
}
