{
    "__comment": "JimStoneCraft - 2023",
    "parent": "minecraft:block/thin_block",
    "textures": {
        "texture": "minecraft:block/acacia_trapdoor",
        "edge": "minecraft:block/acacia_trapdoor_edge",
        "particle": "minecraft:block/acacia_trapdoor"
    },
    "elements": [
        {
            "name": "Outer Edge",
            "from": [ 0, 0, 0 ],
            "to": [ 16, 3, 16 ],
            "faces": {
                "north": { "uv": [ 0, 16, 16, 13 ], "texture": "#edge", "cullface": "north" },
                "east":  { "uv": [ 0, 16, 16, 13 ], "texture": "#edge", "cullface": "east" },
                "south": { "uv": [ 0, 16, 16, 13 ], "texture": "#edge", "cullface": "south" },
                "west":  { "uv": [ 0, 16, 16, 13 ], "texture": "#edge", "cullface": "west" },
                "up":    { "uv": [ 0,  0, 16, 16 ], "texture": "#texture" },
                "down":  { "uv": [ 0,  0, 16, 16 ], "texture": "#texture", "cullface": "down" }
            }
        },
        {
            "name": "Inner Edge",
            "from": [ 13.525, 0, 2.475 ],
            "to": [ 2.475, 3, 13.525 ],
            "faces": {
                "north": { "uv": [ 2.5, 12, 13.5, 9 ], "texture": "#edge" },
                "east":  { "uv": [ 2.5, 12, 13.5, 9 ], "texture": "#edge" },
                "south": { "uv": [ 2.5, 12, 13.5, 9 ], "texture": "#edge" },
                "west":  { "uv": [ 2.5, 12, 13.5, 9 ], "texture": "#edge" }
            }
        }
    ]
}
