{
    "__comment": "JimStoneCraft - 2023",
    "textures": {
        "texture": "minecraft:block/acacia_trapdoor",
        "edge": "minecraft:block/acacia_trapdoor_edge",
        "particle": "minecraft:block/acacia_trapdoor"
    },
    "elements": [
        {
            "name": "Outer Edge",
            "from": [ 0, 0, 13 ],
            "to": [ 16, 16, 16 ],
            "faces": {
                "north": { "uv": [ 0,  0, 16, 16 ], "texture": "#texture" },
                "east":  { "uv": [ 0, 16, 16, 13 ], "rotation": 270, "texture": "#edge", "cullface": "east" },
                "south": { "uv": [ 0,  0, 16, 16 ], "texture": "#texture", "cullface": "south" },
                "west":  { "uv": [ 0, 16, 16, 13 ], "rotation": 90, "texture": "#edge", "cullface": "west" },
                "up":    { "uv": [ 0, 16, 16, 13 ], "texture": "#edge", "cullface": "up" },
                "down":  { "uv": [ 0, 13, 16, 16 ], "texture": "#edge", "cullface": "down" }
            }
        },
        {
            "name": "Inner Edge",
            "from": [ 13.525, 2.475, 13 ],
            "to": [ 2.475, 13.525, 16 ],
            "faces": {
                "east": { "uv": [ 2.5, 12, 13.5, 9 ], "rotation": 270, "texture": "#edge" },
                "west": { "uv": [ 2.5, 12, 13.5, 9 ], "rotation": 90, "texture": "#edge" },
                "up":   { "uv": [ 2.5, 12, 13.5, 9 ], "rotation": 180, "texture": "#edge" },
                "down": { "uv": [ 2.5, 12, 13.5, 9 ], "texture": "#edge" }
            }
        }
    ]
}
