{
    "__comment": "JimStoneCraft - 2023",
    "textures": {
        "top": "minecraft:block/acacia_door_top",
        "edge": "minecraft:block/acacia_door_edge",
        "inner_edge_h": "minecraft:block/acacia_door_inner_edge_horizontal",
        "inner_edge_v": "minecraft:block/acacia_door_inner_edge_vertical",
        "particle": "minecraft:block/acacia_door_top"
    },
    "elements": [
        {
            "name": "Door",
            "from": [ 0, 0, 0 ],
            "to": [ 3, 16, 16 ],
            "faces": {
                "north": { "uv": [ 10,  0, 13, 16 ], "texture": "#edge", "cullface": "north" },
                "east":  { "uv": [  0,  0, 16, 16 ], "texture": "#top" },
                "south": { "uv": [  3,  0,  6, 16 ], "texture": "#edge", "cullface": "south" },
                "west":  { "uv": [ 16,  0,  0, 16 ], "texture": "#top", "cullface": "west" },
                "up":    { "uv": [  9, 16,  6,  0 ], "texture": "#edge", "cullface": "up" }
            }
        },
        {
            "name": "Inner Edge",
            "from": [ 0, 1.475, 13.525 ],
            "to": [ 3, 13.525, 2.475 ],
            "faces": {
                "north": { "uv": [  0, 2.5,  3, 14.5 ], "texture": "#inner_edge_v" },
                "south": { "uv": [ 13, 2.5, 16, 14.5 ], "texture": "#inner_edge_v" },
                "up":    { "uv": [  2, 0,   13,  3 ], "rotation": 90, "texture": "#inner_edge_h" },
                "down":  { "uv": [ 13, 6,    2,  3 ], "rotation": 90, "texture": "#inner_edge_h" }
            }
        }
    ]
}
