{
    "__comment": "JimStoneCraft - 2020",
    "parent": "minecraft:block/block",
    "display": {
        "gui": {
            "rotation": [ 30, 45, 0 ],
            "translation": [ 0, 1, 0 ],
            "scale": [ 0.85, 0.85, 0.85 ]
        },
        "ground": {
            "rotation": [ 0, 0, 0 ],
            "translation": [ 0, 3, 0 ],
            "scale": [ 0.5, 0.5, 0.5 ]
        },
        "head": {
            "rotation": [ -60, 0, 0 ],
            "translation": [ 0, 5, -9 ],
            "scale":[ 1, 1, 1 ]
        },
        "fixed": {
            "rotation": [ 0, 0, 0 ],
            "translation": [ 0, -1, 1 ],
            "scale":[ 0.85, 0.85, 0.85 ]
        },
        "thirdperson_righthand": {
            "rotation": [ 65, 45, 0 ],
            "translation": [ 0, 2.8, 2.25 ],
            "scale": [ 0.375, 0.375, 0.375 ]
        },
        "thirdperson_lefthand": {
            "rotation": [ 65, 45, 0 ],
            "translation": [ 0, 2.8, 2.5 ],
            "scale": [ 0.375, 0.375, 0.375 ]
        },
        "firstperson_righthand": {
            "rotation": [ 10, 0, 10 ],
            "translation": [ 0, 3, 0 ],
            "scale": [ 0.4, 0.4, 0.4 ]
        },
        "firstperson_lefthand": {
            "rotation": [ 10, 0, 10 ],
            "translation": [ 0, 3, 0 ],
            "scale": [ 0.4, 0.4, 0.4 ]
        }
    },
    "ambientocclusion": true,
    "textures": {
        "particle": "block/amethyst_cluster_bud",
        "amethyst": "block/amethyst_cluster_bud"
    }
}
