{
    "__comment": "JimStoneCraft - 2023",
    "parent": "block/block",
    "display": {
        "gui":
        {
            "rotation": [ 30, 225, 0 ],
            "translation": [ 0, -2.675, 0 ],
            "scale": [ 0.475, 0.475, 0.475 ]
        },
        "head": {
            "translation": [ 0, 14, 0 ]
        },
        "fixed": {
            "translation": [ 0, -4, 1 ],
            "scale": [ 0.5, 0.5, 0.5 ]
        }
    },
    "textures": {
        "texture": "block/custom_armor_stand"
    },
    "elements": [
        {
            "name": "Head",
            "from": [ 7, 24, 7 ],
            "to": [ 9, 30, 9 ],
            "faces": {
                "north": { "uv": [ 0.5, 0.5, 1,   2 ], "texture": "#texture" },
                "east":  { "uv": [ 0,   0.5, 0.5, 2 ], "texture": "#texture" },
                "south": { "uv": [ 1.5, 0.5, 2,   2 ], "texture": "#texture" },
                "west":  { "uv": [ 1,   0.5, 1.5, 2 ], "texture": "#texture" },
                "up":    { "uv": [ 1,   0.5, 0.5, 0 ], "texture": "#texture" }
            }
        },
        {
            "name": "Shoulders",
            "from": [ 2, 21, 6.5 ],
            "to": [ 14, 24, 9.5 ],
            "faces": {
                "north": { "uv": [ 0.75, 7.25, 3.75, 8 ], "texture": "#texture" },
                "east":  { "uv": [ 0,    7.25, 0.75, 8 ], "texture": "#texture" },
                "south": { "uv": [ 4.5,  7.25, 7.5,  8 ], "texture": "#texture" },
                "west":  { "uv": [ 3.75, 7.25, 4.5,  8 ], "texture": "#texture" },
                "up":    { "uv": [ 0.75, 6.5,  3.75, 7.25 ], "texture": "#texture" },
                "down":  { "uv": [ 3.75, 6.5,  6.75, 7.25 ], "texture": "#texture" }
            }
        },
        {
            "name": "Left Body",
            "from": [ 5, 14, 7 ],
            "to": [ 7, 21, 9 ],
            "faces": {
                "north": { "uv": [ 12.5, 4.5, 13,   6.25 ], "texture": "#texture" },
                "east":  { "uv": [ 12,   4.5, 12.5, 6.25 ], "texture": "#texture" },
                "south": { "uv": [ 13.5, 4.5, 14,   6.25 ], "texture": "#texture" },
                "west":  { "uv": [ 13,   4.5, 13.5, 6.25 ], "texture": "#texture" }
            }
        },
        {
            "name": "Right Body",
            "from": [ 9, 14, 7 ],
            "to": [ 11, 21, 9 ],
            "faces": {
                "north": { "uv": [ 4.5, 0.5, 5,   2.25 ], "texture": "#texture" },
                "east":  { "uv": [ 4,   0.5, 4.5, 2.25 ], "texture": "#texture" },
                "south": { "uv": [ 5.5, 0.5, 6,   2.25 ], "texture": "#texture" },
                "west":  { "uv": [ 5,   0.5, 5.5, 2.25 ], "texture": "#texture" }
            }
        },
        {
            "name": "Hips",
            "from": [ 4, 12, 7 ],
            "to": [ 12, 14, 9 ],
            "faces": {
                "north": { "uv": [ 0.5, 12.5, 2.5, 13 ], "texture": "#texture" },
                "east":  { "uv": [ 0,   12.5, 0.5, 13 ], "texture": "#texture" },
                "south": { "uv": [ 3,   12.5, 5,   13 ], "texture": "#texture" },
                "west":  { "uv": [ 2.5, 12.5, 3,   13 ], "texture": "#texture" },
                "up":    { "uv": [ 2.5, 12.5, 0.5, 12 ], "texture": "#texture" },
                "down":  { "uv": [ 4.5, 12,   2.5, 12.5 ], "texture": "#texture" }
            }
        },
        {
            "name": "Left Leg",
            "from": [ 5, 1, 7 ],
            "to": [ 7, 12, 9 ],
            "faces": {
                "north": { "uv": [ 11,   4.5, 10.5, 7.25 ], "texture": "#texture" },
                "east":  { "uv": [ 11.5, 4.5, 11,   7.25 ], "texture": "#texture" },
                "south": { "uv": [ 12,   4.5, 11.5, 7.25 ], "texture": "#texture" },
                "west":  { "uv": [ 10.5, 4.5, 10,   7.25 ], "texture": "#texture" }
            }
        },
        {
            "name": "Right Leg",
            "from": [ 9, 1, 7 ],
            "to": [ 11, 12, 9 ],
            "faces": {
                "north": { "uv": [ 2.5, 0.5, 3,   3.25 ], "texture": "#texture" },
                "east":  { "uv": [ 2,   0.5, 2.5, 3.25 ], "texture": "#texture" },
                "south": { "uv": [ 3.5, 0.5, 4,   3.25 ], "texture": "#texture" },
                "west":  { "uv": [ 3,   0.5, 3.5, 3.25 ], "texture": "#texture" }
            }
        },
        {
            "name": "Base",
            "from": [ 2, 0, 2 ],
            "to": [ 14, 1, 14 ],
            "faces": {
                "north": { "uv": [ 9, 11, 12, 11.25 ], "texture": "#texture" },
                "east":  { "uv": [ 6, 11,  9, 11.25 ], "texture": "#texture" },
                "south": { "uv": [ 3, 11,  6, 11.25 ], "texture": "#texture" },
                "west":  { "uv": [ 0, 11,  3, 11.25 ], "texture": "#texture" },
                "up":    { "uv": [ 3,  8,  6, 11 ], "texture": "#texture" },
                "down":  { "uv": [ 6, 11,  9,  8 ], "texture": "#texture" }
            }
        }
    ]
}
