{
    "__comment": "JimStoneCraft - 2022",
    "textures": {
        "all": "minecraft:block/bamboo_stalk",
        "particle": "minecraft:block/bamboo_stalk"
    },
    "elements": [
        {   "from": [ 7, 0, 7 ],
            "to": [ 9, 16, 9 ],
            "faces": {
                "up":    { "uv": [ 13.5, 0.5, 15.5,  2.5 ], "texture": "#all", "cullface": "up" },
                "north": { "uv": [  0.5, 0,    2.5, 16 ], "texture": "#all" },
                "south": { "uv": [  0.5, 0,    2.5, 16 ], "texture": "#all" },
                "west":  { "uv": [  0.5, 0,    2.5, 16 ], "texture": "#all" },
                "east":  { "uv": [  0.5, 0,    2.5, 16 ], "texture": "#all" }
            }
        }
    ]
}
