{
    "__comment": "JimStoneCraft - 2023",
    "textures": {
        "top": "minecraft:block/bamboo_door_top",
        "edge": "minecraft:block/bamboo_door_edge",
        "inner_edge": "minecraft:block/bamboo_door_inner_edge",
        "particle": "minecraft:block/bamboo_door_top"
    },
    "elements": [
        {
            "name": "Door",
            "from": [ 0, 0, 0 ],
            "to": [ 3, 16, 16 ],
            "faces": {
                "north": { "uv": [ 10,  0, 13, 16 ], "texture": "#edge", "cullface": "north" },
                "east":  { "uv": [  0,  0, 16, 16 ], "texture": "#top" },
                "south": { "uv": [  3,  0,  6, 16 ], "texture": "#edge", "cullface": "south" },
                "west":  { "uv": [ 16,  0,  0, 16 ], "texture": "#top", "cullface": "west" },
                "up":    { "uv": [  9, 16,  6,  0 ], "texture": "#edge", "cullface": "up" }
            }
        },
        {
            "name": "Inner Edge",
            "from": [ 0, 1.975, 12.025 ],
            "to": [ 3, 12.525, 3.975 ],
            "faces": {
                "north": { "uv": [  1,  2.5,  4, 13 ], "texture": "#inner_edge" },
                "south": { "uv": [ 12,  2.5, 15, 13 ], "texture": "#inner_edge" },
                "up":    { "uv": [  4,  0,   12,  3 ], "rotation": 90, "texture": "#inner_edge" },
                "down":  { "uv": [ 12, 16,    4, 13 ], "rotation": 90, "texture": "#inner_edge" }
            }
        }
    ]
}
