{
    "__comment": "JimStoneCraft - 2022",
    "textures": {
        "all": "minecraft:block/bamboo_stalk",
        "particle": "minecraft:block/bamboo_stalk"
    },
    "elements": [
        {   "from": [ 6.5, 0, 6.5 ],
            "to": [ 9.5, 16, 9.5 ],
            "faces": {
                "up":    { "uv": [ 13, 0, 16,  3 ], "texture": "#all", "cullface": "up" },
                "north": { "uv": [  9, 0, 12, 16 ], "texture": "#all" },
                "south": { "uv": [  9, 0, 12, 16 ], "texture": "#all" },
                "west":  { "uv": [  9, 0, 12, 16 ], "texture": "#all" },
                "east":  { "uv": [  9, 0, 12, 16 ], "texture": "#all" }
            }
        }
    ]
}
