{
	"credit": "Made with Blockbench",
	"texture_size": [64, 64],
	"textures": {
		"0": "item/flintlock_blunderbuss",
		"particle": "item/flintlock_blunderbuss"
	},
	"elements": [
		{
			"from": [7.999, 0.999, 11.999],
			"to": [8.001, 3.001, 15.001],
			"rotation": {"angle": 0, "axis": "y", "origin": [8, 2, 12]},
			"faces": {
				"north": {"uv": [0, 0, 0.25, 0.25], "texture": "#0"},
				"east": {"uv": [1, 1, 0.25, 1.5], "texture": "#0"},
				"south": {"uv": [0, 0, 0.25, 0.25], "texture": "#0"},
				"west": {"uv": [0.25, 1, 1, 1.5], "texture": "#0"},
				"up": {"uv": [0, 0, 0.25, 0.25], "rotation": 180, "texture": "#0"},
				"down": {"uv": [0, 0, 0.25, 0.25], "rotation": 180, "texture": "#0"}
			}
		},
		{
			"from": [6.999, 3, 2],
			"to": [9.001, 6, 15],
			"rotation": {"angle": 0, "axis": "y", "origin": [1, 1, -5]},
			"faces": {
				"north": {"uv": [8, 0.25, 8.5, 1], "texture": "#0"},
				"east": {"uv": [3.25, 2.25, 6.5, 3], "texture": "#0"},
				"south": {"uv": [14.25, 1, 14.75, 1.75], "texture": "#0"},
				"west": {"uv": [5.5, 1.25, 8.75, 2], "texture": "#0"},
				"up": {"uv": [1.75, 2.5, 2.25, 5.75], "texture": "#0"},
				"down": {"uv": [2.5, 5.75, 2.75, 2.5], "texture": "#0"}
			}
		},
		{
			"from": [7, 3, 15],
			"to": [9, 6, 20],
			"rotation": {"angle": 22.5, "axis": "x", "origin": [8, 6, 15]},
			"faces": {
				"north": {"uv": [8.75, 3, 9.25, 2.25], "texture": "#0"},
				"east": {"uv": [12, 0.25, 13.25, 1], "texture": "#0"},
				"south": {"uv": [9.5, 2.25, 10, 3], "texture": "#0"},
				"west": {"uv": [10.5, 0.25, 11.75, 1], "texture": "#0"},
				"up": {"uv": [12, 1.25, 12.5, 2.5], "texture": "#0"},
				"down": {"uv": [15, 1.25, 15.5, 0.25], "texture": "#0"}
			}
		},
		{
			"from": [7, 1.31494, 18.47135],
			"to": [9, 5.31494, 23.47135],
			"rotation": {"angle": 22.5, "axis": "x", "origin": [8, 1.31494, 18.47135]},
			"faces": {
				"north": {"uv": [14.75, 0.25, 14.25, 1.25], "texture": "#0"},
				"east": {"uv": [10.5, 2.5, 11.75, 3.5], "texture": "#0"},
				"south": {"uv": [13.5, 0.25, 14, 1.25], "texture": "#0"},
				"west": {"uv": [10.5, 1.25, 11.75, 2.25], "texture": "#0"},
				"up": {"uv": [14.25, 0.25, 14.75, 1.5], "texture": "#0"},
				"down": {"uv": [15, 1.5, 15.5, 0.25], "texture": "#0"}
			}
		},
		{
			"from": [7, 4, 1],
			"to": [9, 6, 2],
			"rotation": {"angle": 0, "axis": "y", "origin": [7, 4, 2]},
			"faces": {
				"north": {"uv": [0.25, 0.25, 0.75, 0.75], "texture": "#0"},
				"east": {"uv": [7.75, 2.25, 8, 2.75], "texture": "#0"},
				"south": {"uv": [0.25, 0.25, 0.75, 0.75], "texture": "#0"},
				"west": {"uv": [4, 1.25, 4.25, 1.75], "texture": "#0"},
				"up": {"uv": [1.75, 1, 2.25, 1.25], "texture": "#0"},
				"down": {"uv": [2.5, 1.25, 3, 1], "texture": "#0"}
			}
		},
		{
			"from": [6.5, 3.5, -1],
			"to": [6.5, 6.5, 1],
			"faces": {
				"north": {"uv": [5, 5, 5.75, 5.75], "texture": "#0"},
				"east": {"uv": [5, 4, 5.5, 4.75], "texture": "#0"},
				"south": {"uv": [4, 4, 4.75, 4.75], "texture": "#0"},
				"west": {"uv": [3.25, 4, 3.75, 4.75], "texture": "#0"},
				"up": {"uv": [4, 5, 4.75, 5.5], "texture": "#0"},
				"down": {"uv": [4, 5.75, 4.75, 6.25], "texture": "#0"}
			}
		},
		{
			"from": [6.5, 3.5, 0],
			"to": [9.5, 6.5, 0],
			"faces": {
				"north": {"uv": [5, 5, 5.75, 5.75], "texture": "#0"},
				"east": {"uv": [5, 4, 5.5, 4.75], "texture": "#0"},
				"south": {"uv": [4, 4, 4.75, 4.75], "texture": "#0"},
				"west": {"uv": [3.25, 4, 3.75, 4.75], "texture": "#0"},
				"up": {"uv": [4, 5, 4.75, 5.5], "texture": "#0"},
				"down": {"uv": [4, 5.75, 4.75, 6.25], "texture": "#0"}
			}
		},
		{
			"from": [6.5, 3.5, -1],
			"to": [9.5, 3.5, 1],
			"faces": {
				"north": {"uv": [5, 5, 5.75, 5.75], "texture": "#0"},
				"east": {"uv": [5, 4, 5.5, 4.75], "texture": "#0"},
				"south": {"uv": [4, 4, 4.75, 4.75], "texture": "#0"},
				"west": {"uv": [3.25, 4, 3.75, 4.75], "texture": "#0"},
				"up": {"uv": [4, 5, 4.75, 5.5], "texture": "#0"},
				"down": {"uv": [4, 5.75, 4.75, 6.25], "texture": "#0"}
			}
		},
		{
			"from": [9.5, 3.5, -1],
			"to": [9.5, 6.5, 1],
			"faces": {
				"north": {"uv": [5, 5, 5.75, 5.75], "texture": "#0"},
				"east": {"uv": [5, 4, 5.5, 4.75], "texture": "#0"},
				"south": {"uv": [4, 4, 4.75, 4.75], "texture": "#0"},
				"west": {"uv": [3.25, 4, 3.75, 4.75], "texture": "#0"},
				"up": {"uv": [4, 5, 4.75, 5.5], "texture": "#0"},
				"down": {"uv": [4, 5.75, 4.75, 6.25], "texture": "#0"}
			}
		},
		{
			"from": [6.5, 6.5, -1],
			"to": [9.5, 6.5, 1],
			"faces": {
				"north": {"uv": [5, 5, 5.75, 5.75], "texture": "#0"},
				"east": {"uv": [5, 4, 5.5, 4.75], "texture": "#0"},
				"south": {"uv": [4, 4, 4.75, 4.75], "texture": "#0"},
				"west": {"uv": [3.25, 4, 3.75, 4.75], "texture": "#0"},
				"up": {"uv": [4, 5, 4.75, 5.5], "texture": "#0"},
				"down": {"uv": [4, 5.75, 4.75, 6.25], "texture": "#0"}
			}
		},
		{
			"from": [6.5, 3.5, 1],
			"to": [9.5, 6.5, 1],
			"faces": {
				"north": {"uv": [5, 5, 5.75, 5.75], "texture": "#0"},
				"east": {"uv": [5, 4, 5.5, 4.75], "texture": "#0"},
				"south": {"uv": [4, 4, 4.75, 4.75], "texture": "#0"},
				"west": {"uv": [3.25, 4, 3.75, 4.75], "texture": "#0"},
				"up": {"uv": [4, 5, 4.75, 5.5], "texture": "#0"},
				"down": {"uv": [4, 5.75, 4.75, 6.25], "texture": "#0"}
			}
		},
		{
			"from": [9.01, 4, 10],
			"to": [9.011, 8, 12],
			"rotation": {"angle": 0, "axis": "x", "origin": [9, 4.5, 13.5]},
			"faces": {
				"north": {"uv": [0, 0, 0.25025, 0.25], "texture": "#0"},
				"east": {"uv": [1, 1.75, 1.5, 2.75], "texture": "#0"},
				"south": {"uv": [0, 0, 0.25025, 0.25], "texture": "#0"},
				"west": {"uv": [1.5, 1.75, 1, 2.75], "texture": "#0"},
				"up": {"uv": [0, 0, 0.00025, 0.5], "texture": "#0"},
				"down": {"uv": [0, 0, 0.00025, 0.5], "texture": "#0"}
			}
		},
		{
			"from": [9.01, 4, 13],
			"to": [9.011, 8, 15],
			"rotation": {"angle": 0, "axis": "x", "origin": [9, 4.5, 13.5]},
			"faces": {
				"north": {"uv": [0, 0, 0.25025, 0.25], "texture": "#0"},
				"east": {"uv": [0.25, 1.75, 0.75, 2.75], "texture": "#0"},
				"south": {"uv": [0, 0, 0.25025, 0.25], "texture": "#0"},
				"west": {"uv": [0.75, 1.75, 0.25, 2.75], "texture": "#0"},
				"up": {"uv": [0, 0, 0.00025, 0.5], "texture": "#0"},
				"down": {"uv": [0, 0, 0.00025, 0.5], "texture": "#0"}
			}
		}
	],
	"gui_light": "front",
	"display": {
		"thirdperson_righthand": {
			"rotation": [10, -13, 0],
			"translation": [1.5, 3.75, -5.5],
			"scale": [0.85, 0.85, 0.85]
		},
		"thirdperson_lefthand": {
			"rotation": [-20, -180, -180],
			"translation": [0, -0.5, 16.5],
			"scale": [0.85, 0.85, 0.85]
		},
		"firstperson_righthand": {
			"rotation": [105, 15.5, 0],
			"translation": [1.5, -4, -1.5],
			"scale": [0.85, 0.85, 0.85]
		},
		"firstperson_lefthand": {
			"rotation": [105, 15.5, 0],
			"translation": [1.5, -4, -1.5],
			"scale": [0.85, 0.85, 0.85]
		},
		"ground": {
			"translation": [0, 5, -2.5],
			"scale": [0.8, 0.8, 0.8]
		},
		"gui": {
			"rotation": [30, 130, 0],
			"translation": [-1.5, 1.5, 0],
			"scale": [0.6, 0.6, 0.6]
		},
		"fixed": {
			"rotation": [0, 90, 0],
			"translation": [-4, 5, -2.5],
			"scale": [1.5, 1.5, 1.5]
		}
	},
	"groups": [
		0,
		1,
		2,
		3,
		4,
		{
			"name": "muzzle",
			"origin": [8, 8, 8],
			"color": 0,
			"children": [5, 6, 7, 8, 9, 10]
		},
		{
			"name": "mechanism",
			"origin": [8, 8, 8],
			"color": 0,
			"children": [
				{
					"name": "frizzen",
					"origin": [9, 4.5, 13.5],
					"color": 0,
					"children": [11]
				},
				{
					"name": "hammer",
					"origin": [9, 4.5, 13.5],
					"color": 0,
					"children": [12]
				}
			]
		}
	]
}